-- phpMyAdmin SQL Dump
-- version 5.1.1
-- https://www.phpmyadmin.net/
--
-- ホスト: 127.0.0.1
-- 生成日時: 2022-02-01 11:42:53
-- サーバのバージョン： 10.4.20-MariaDB
-- PHP のバージョン: 8.0.9

SET SQL_MODE = "NO_AUTO_VALUE_ON_ZERO";
START TRANSACTION;
SET time_zone = "+00:00";


/*!40101 SET @OLD_CHARACTER_SET_CLIENT=@@CHARACTER_SET_CLIENT */;
/*!40101 SET @OLD_CHARACTER_SET_RESULTS=@@CHARACTER_SET_RESULTS */;
/*!40101 SET @OLD_COLLATION_CONNECTION=@@COLLATION_CONNECTION */;
/*!40101 SET NAMES utf8mb4 */;

--
-- データベース: `neutral`
--

-- --------------------------------------------------------

--
-- テーブルの構造 `admin`
--

CREATE TABLE `admin` (
  `ADMIN_ID` int(11) NOT NULL,
  `ADMIN_EMAIL` varchar(50) NOT NULL,
  `ADMIN_PASS` varchar(10) NOT NULL
) ENGINE=InnoDB DEFAULT CHARSET=utf8mb4;

--
-- テーブルのデータのダンプ `admin`
--

INSERT INTO `admin` (`ADMIN_ID`, `ADMIN_EMAIL`, `ADMIN_PASS`) VALUES
(1, 'moroto@gmail.com', '5678'),
(2, 'a', 'a');

-- --------------------------------------------------------

--
-- テーブルの構造 `cart`
--

CREATE TABLE `cart` (
  `CART_ID` int(11) NOT NULL,
  `PRODUCT_ID` varchar(6) NOT NULL,
  `USER_ID` int(11) NOT NULL,
  `PRODUCT_NAME` varchar(50) NOT NULL,
  `ORDER_SIZE` varchar(4) NOT NULL,
  `ORDER_NUMBER` int(11) NOT NULL,
  `PRICE` int(11) NOT NULL,
  `SUBTOTAL` int(11) NOT NULL
) ENGINE=InnoDB DEFAULT CHARSET=utf8mb4;

-- --------------------------------------------------------

--
-- テーブルの構造 `category`
--

CREATE TABLE `category` (
  `CATEGORY_ID` varchar(2) NOT NULL,
  `CATEGORY_NAME` varchar(50) NOT NULL
) ENGINE=InnoDB DEFAULT CHARSET=utf8mb4;

--
-- テーブルのデータのダンプ `category`
--

INSERT INTO `category` (`CATEGORY_ID`, `CATEGORY_NAME`) VALUES
('BA', 'バッグ'),
('CA', '帽子・キャップ・ハット'),
('CO', 'コート'),
('DC', 'ダウン'),
('HP', 'ハーフパンツ'),
('JE', 'ジーンズ・カラージーンズ'),
('KN', 'ニット・セーター'),
('MA', 'マスク'),
('SW', 'スウェット'),
('TS', 'Tシャツ・カットソー');

-- --------------------------------------------------------

--
-- テーブルの構造 `order`
--

CREATE TABLE `order` (
  `ORDER_ID` int(11) NOT NULL,
  `PRODUCT_ID` varchar(4) NOT NULL,
  `USER_ID` int(11) NOT NULL,
  `PRODUCT_NAME` varchar(50) NOT NULL,
  `ORDER_SIZE` varchar(4) NOT NULL,
  `ORDER_NUMBER` int(11) NOT NULL,
  `PRICE` int(11) NOT NULL,
  `SUBTOTAL` int(11) NOT NULL,
  `ORDER_DATE` date NOT NULL
) ENGINE=InnoDB DEFAULT CHARSET=utf8mb4;

-- --------------------------------------------------------

--
-- テーブルの構造 `product`
--

CREATE TABLE `product` (
  `PRODUCT_ID` varchar(6) NOT NULL,
  `CATEGORY_ID` varchar(2) NOT NULL,
  `PRODUCT_NAME` varchar(50) NOT NULL,
  `PRICE` int(11) NOT NULL,
  `DESCRIPTION` text NOT NULL,
  `ATTRIBUTE` text NOT NULL
) ENGINE=InnoDB DEFAULT CHARSET=utf8mb4;

--
-- テーブルのデータのダンプ `product`
--

INSERT INTO `product` (`PRODUCT_ID`, `CATEGORY_ID`, `PRODUCT_NAME`, `PRICE`, `DESCRIPTION`, `ATTRIBUTE`) VALUES
('01BA', 'BA', 'THE NORTH FACETHE バックパック', 14630, '通勤や通学からビジネスやアウトドアまで幅広いシーンで活躍してくれる、ノースフェイスの「ジェスター」シリーズのバックパック。内側と外側にはそれぞれオーガナイザーとノートPCを収納できるインナーポケットを搭載しています。', '01BA,バックパック,リュック,THE NORTH FACETHE'),
('01CA', 'CA', 'ニューエラ 9FORTY MLB11カラー', 3564, '■商品説明\r\n\r\n9FORTYはフロント裏の特殊加工が美しい形状をキープするベースボールキャップ。\r\nリアのアジャスターはベルクロストラップを採用しました。', '01CA,cap,帽子,ニューエラ,NEW ERA'),
('01CO', 'CO', 'ソデボリュームトレンチコート', 2696, 'トレンチコートが今年も登場★\r\n今年はカップルで着られるペアルックトレンチコート!!\r\n\r\n袖はキャンディースリーブで可愛く、\r\n全体的にボリューム感のあるシルエットです♪\r\n\r\n襟元はオープンカラーで可愛らしく、\r\n全閉めでモード感のあるスタイルと\r\n2WAYで着られるので印象も変えて着られる!', '01CO,コート,トレンチコート,冬,coat,winter'),
('01DC', 'DC', '【THE NORTH FACE/ザ・ノースフェイス】TNF GO EXPLORING EX DOWN', 75900, '■ 軽くて暖かいダウン&フェザー\r\n環境に配慮した上で採取されたRDSグースダウン(Responsible Down Standard)を使用。保温力の高いダウンをふんだんに使用し、軽量ながらもしっかりと暖かい仕上がり。ふんわりとボリューム感があり、体に優しく密着するので動いても保温力を維持します。', '01DC,ダウン,冬,THE NORTH FACE,ザ・ノースフェイス,winter'),
('01HP', 'HP', 'アクティブカーゴショーツ セットアップ', 2750, 'アクティブな活動時にもってこい!\r\n機能性抜群なショーツ\r\n\r\n前後計4つのポケットの加えて、\r\n左脇についたチャック付きのポケット。\r\nウエスト後ろはゴム仕様になっていて\r\n着脱しやすい上に、\r\nベルトループももちろんついています。', '01HP,ハーフパンツ,カーゴ,セットアップ,夏,summer'),
('01JE', 'JE', 'ケミカルルーズデニム(ユニセックス)', 3494, '人気再燃!なデニム登場!\r\n\r\n近年再びトレンドしているデニムが、\r\nケミカルウォッシュ加工を施したケミカルマムデニム。\r\n履くだけで従来のデニムとは異なるスタイリッシュな雰囲気に。', '01JE,ジーンズ,デニム,ケミカル,denim,jeans'),
('01KN', 'KN', 'ソデキリカエMIXニット(ユニセックス)', 1497, '\r\nミックスニットがユニセックスで登場!\r\n\r\n袖切り替えデザインが一味違う印象に♪\r\n\r\n大切な人へのプレゼントにもおススメ★\r\n\r\n\r\n※Mがレディースのフリーサイズ相当、\r\nLがメンズのフリーサイズ相当となります。', '01KN,ニット,冬,winter'),
('01MA', 'MA', 'GUESS LOGO MASK（2枚SET）', 1155, 'GUESSからスタイリッシュなロゴデザインのマスクが登場。\r\nシンプルなロゴデザインでユニセックスで使用可能なデザインです。\r\n洗って繰り返し使えるので経済的。\r\n柔らかく耳が痛くなりにくい素材を実現しました。', '01MA,マスク,mask'),
('01SW', 'SW', 'チャージ合わせ絵スウェット', 2205, '\r\n並べると、彼女のプラグが彼氏のコンセントに繋がるデザインに!\r\n\r\nカップルで2枚着ていただくのがおすすめ!\r\n\r\n胸元にもそれぞれプラグとコンセントのデザインが♪', '01SW,スウェット,長袖,sweat,冬,秋,春,winter,spring,autunm,fall'),
('01TS', 'TS', 'ワッペン付きプルオーバーシャツ', 1995, '\r\n左胸のワッペンがワンポイントで可愛いプルオーバーが登場!\r\n\r\n夏に嬉しいオックス生地を仕様しているので\r\n真夏の暑い日にもサラっと着て頂けます!\r\n\r\nゆったりシルエットでかっちりしすぎず\r\nカジュアルコーデにもおすすめです!', '01TS,Tシャツ,シャツ,半袖,shirt,夏,summer'),
('02BA', 'BA', 'carhartt KICKFLIPBACKPACK', 13200, '24.8Lという豊富な容量とサイドのメッシュポケットなど、機能性が非常に優れたバックパックです。スケートボードのデッキを挟めるフロントのディテールが大きな特徴となっています。勿論防水加工も施されていますので、非常にタウンユース向けなアイテムです。', '02BA,バックパック,リュック,Carhartt'),
('02CA', 'CA', 'Fire proofing Flight CAP', 2695, '秋冬のキャンプに最適。耳あて付きで安心の暖かさ。\r\nカジュアルなロングワンピースなど、女性らしい着こなしに合わせると新鮮な印象に。', '02CA,cap,帽子'),
('02CO', 'CO', 'ムートンパイピングノーカラーコート ビッグシルエット ビッグサイズ', 5720, '※お願い※\r\n【オーバーサイズ】ビッグシルエット仕様です。通常仕様のコートより、多く生地を使用しているので重量感があります。また、デザイン上ジャストサイズで着用するような仕様で企画しておりません。当製品は袖を折らずに着用することはできません。', '02CO,コート,ムートンパイピングノーカラーコート,冬,coat,winter'),
('02DC', 'DC', '【THE NORTH FACE/ザ・ノースフェイス】 1996 RETRO NUPTSE JA', 75900, '■ 軽くて暖かいダウン&フェザー\r\n環境に配慮した上で採取されたRDSグースダウン(Responsible Down Standard)を使用。保温力の高いダウンをふんだんに使用し、軽量ながらもしっかりと暖かい仕上がり。ふんわりとボリューム感があり、体に優しく密着するので動いても保温力を維持します。', '02DC,ダウン,冬,THE NORTH FACE,ザ・ノースフェイス,winter'),
('02HP', 'HP', 'ショートパンツ ユニセックス セットアップ対応', 4290, '■商品説明■\r\nSIDEWAY STANCEよりヘビーワッフルハーフパンツの登場コットン100%のしっかりとした生地感によるタフさと、ワッフル素材特有の凹凸感のある表面が特徴のアイテム。落ち着いたナチュラルカラーを採用し、品のあるカジュアルコーデやルーズに着こなす(ストリート・韓国コーデ等)様々なスタイリングにピッタリです。', '02HP,ハーフパンツ,セットアップ,夏,summer	'),
('02JE', 'JE', 'ハイウエストストレートデニム', 2995, '美脚効果抜群!\r\nシルエットが綺麗なストレートデニム。\r\nハイウエストなのでトップスのインもキレイにできます。\r\nもちろんスタイルアップ効果も◎\r\n太ももがゆったりしたサイズ感なので気になりにくいです。\r\n程よい加工がこなれ感を演出してくれます。', '02JE,ジーンズ,デニム,ハイウエスト,ストレート,denim,jeans	'),
('02KN', 'KN', 'ノルディック柄ニット(ユニセックス)', 2750, '\r\n寒い時期にぴったりな柄といえばこれ!\r\nノルディック柄が可愛いニット登場♪\r\n\r\nノルディック柄とはノルウェーなどの伝統的な編み込み柄のことを指し、\r\n北欧を彷彿させる模様が特徴。\r\nどこか温かみを感じさせるデザインはこれからの時期にぴったり。', '02KN,ニット,冬,winter'),
('02MA', 'MA', 'ステラマッカートニー マスク ブラック', 9280, 'STELLA McCARTNEY(ステラマッカートニー)のマスクが入荷しました☆オリジナルロゴがあしらわれたスタイリッシュなマスク。ジェンダーレスなデザインで、男女問わずお使いいただけます。伸縮性のあるニット生地を使用しており、つけ心地は柔らか。プレゼントにもおすすめのアイテムです。', '02MA,マスク,mask'),
('02SW', 'SW', 'セルフィープリントスウェットプルオーバー', 2075, '\r\n一見シンプルなスウェット。\r\nアーム部分にデザイン性を効かせたアイテム♪\r\n\r\nクールネックの至ってシンプルなスウェット。\r\nよく見ると、両腕にはお花のマークが大きく大胆に。', '02SW,スウェット,長袖,sweat,冬,秋,春,winter,spring,autunm,fall'),
('02TS', 'TS', 'クレリックオープンカラーシャツ', 1834, '\r\n大人気!クレリックシャツから新デザイン♪\r\n\r\nBIGクレリックシャツ、ストライプクレリックシャツと\r\n以前から発売しているクレリックシャツ。\r\n今回は衿の一部がバイカラーに!', '02TS,Tシャツ,シャツ,半袖,shirt,夏,summer'),
('03BA', 'BA', 'ウエストバッグ ', 1700, 'シンプルデザインだけど使い勝手抜群、普段使いでも旅行先でも便利、収納しやすいレザーボディバッグ\r\n財布やスマホ、キーケースなど外出時にも便利なサイズ感', '03BA,バッグ'),
('03CA', 'CA', 'コーデュロイキャップ ', 1302, '【オススメ POINT】\r\n・外出する時の日焼け防止に!紫外線対策に!\r\n・コーデのアクセントにも★\r\n・シンプルだからデイリーに選びやすい優秀キャップ★\r\n・運動会や遠足などの行事にもgood★', '03CA,cap,帽子'),
('03CO', 'CO', 'ムートンパイピングノーカラーコート ビッグシルエット ビッグサイズ', 6578, '【オーバーサイズ】ビッグシルエット仕様です。通常仕様のコートより、多く生地を使用しているので重量感があります。また、デザイン上ジャストサイズで着用するような仕様で企画しておりません。当製品は袖を折らずに着用することはできません。折って着用するために通常より20cmほど長く企画しています。', '03CO,コート,ムートンパイピングノーカラーコート,冬,coat,winter'),
('03DC', 'DC', 'フード付きエコダウンブルゾン 中綿コート アウター', 3979, 'スタンドカラーで首回りが暖かいので防寒対策ばっちりです\r\nしっかり暖かいのに軽くて快適に着て頂けます\r\nゆったりしたシルエットとボリューム加減がポイント!!!', '03DC,ダウン,冬,winter'),
('03HP', 'HP', 'サイドポケットハーフパンツ', 7700, 'サイドにポケットデザインを施したハーフパンツです。タックを施すことで立体感が出て、ウエスト、ヒップ部分がスッキリ見えるデザインになっています。ロンTEEや、スウェットとカジュアルに合わせたり、ジャケットで大人っぽく合わせるスタイリングがおすすめです。', '03HP,ハーフパンツ,夏,summer'),
('03JE', 'JE', 'ハイウエストペーパーバックマムパンツ', 2698, '丸みのあるシルエットが女性らしい着こなしを演出してくれるマムパンツ。\r\n足首にかけて細くなっているのでスラッとメリハリを出せます◎\r\n脚長効果にもなり、普段とは違った雰囲気にしてくれるシルエットのパンツです♪\r\nウエストはゴムになっていて履き心地も抜群です!', '03JE,ジーンズ,デニム,denim,jeans'),
('03KN', 'KN', 'アーガイル柄Vカーデ(ユニセックス)', 2476, 'トラディショナルスタイルの定番柄!\r\nカーディガンと組み合わせてスクール調スタイルに!!\r\n\r\nスコットランド生まれニューヨーク育ちの柄、アーガイルは\r\n世界中の人がファッションに取り入れる\r\n秋冬定番のオシャレかつ上品なデザイン。', '03KN,カーディガン,冬,winter'),
('03MA', 'MA', '血色マスク 20枚セット韓国 マスク', 579, '〇深刻なマスク不足を受け、 日頃ご愛顧いただいておりますお客様に少しでもご提供できますよう 急遽中国政府指定のマスク生産工場から仕入れし、 販売させていただく運びとなりました。 お求めの際は、商品詳細にて販売価格・内容をご確認の上、ご購入をお願いいたします。\r\n〇長時間使用しても耳が痛くならない柔らか素材\r\n〇タイプ:使い捨てタイプ', '03MA,マスク,mask'),
('03SW', 'SW', 'カップル絵合わせプリントスウェット', 2205, 'カップルに人気なアイテム!\r\n絵合わせシリーズから新デザイン登場!\r\n\r\n今季すでに第二弾!\r\nバックプリントが2人合わせて1つのデザインになる\r\n遊び心のあるアイテム。', '03SW,スウェット,長袖,sweat,冬,秋,春,winter,spring,autunm,fall'),
('03TS', 'TS', '1990ロゴTシャツ(ユニセックス)', 1100, '今注目のリバイバルファッション!\r\n90sデザインをTシャツ1枚に落とし込んで。\r\n\r\nデニムスタイルやラフに着こなせるアイテムが定番だった1990年代をモチーフに。\r\n\r\n主張しすぎない小さめの刺繍ロゴは高みえし、\r\n着回し力も抜群です!', '03TS,Tシャツ,シャツ,半袖,shirt,夏,summer'),
('04BA', 'BA', 'リュック シンプル バックパック', 2996, 'スタイリッシュなデザインのリュックサック!\r\n軽量なバックパックでアウトドアや旅行などにもオススメ♪\r\nメイン収納にある内ポケットはクッション入りでノートパソコンやタブレットを収納しても◎', '04BA,バックパック,リュック'),
('04CA', 'CA', 'アーペーセー 帽子 キャップ', 12000, 'APC(アーペーセー)の帽子が入荷しました☆アーペーセーらしさが光るロゴ刺しゅう入りのキャップ。ウォッシュ感の少ないデニム生地がラフに見えすぎず、カジュアルな着こなしの程よいアクセントになります。後ろに配したベルトでお好みのフィット感に調節可能です。', '04CA,cap,帽子'),
('04CO', 'CO', 'ノーカラーロングコート BIGコート アウター ノーカラーチェスターコート', 8700, '首元をすっきり美しく見せる、\r\nノーカラーロングコート。\r\nチクチクしない心地のよい肌触り\r\nオフィスカジュアルに最適な一枚◎', '04CO,コート,冬,coat,winter'),
('04DC', 'DC', '怪物級。 モンスターコート アウター', 6680, '【商品説明】\r\n中綿入りで暖かくビッグシルエットで存在感があるモンスターパーカー。\r\n大人な雰囲気漂うややマットな表面感や立体的なフードなどこだわりを詰め込んだアウターです。\r\nオーバーめなサイジングにバランスを取りやすい丈感なのでパンツにもスカートにも相性抜群です。', '04DC,ダウン,冬,winter'),
('04HP', 'HP', 'エコレザーハーフパンツ', 1300, 'アイテム説明\r\nハリ感と光沢感が魅力的な “ エコレザーハーフパンツ ” !\r\nタックイン・タックアウトのどちらでもコーディネートがまとまるよう、腰回りもすっきり見える仕上がりに!', '04HP,ハーフパンツ,夏,summer'),
('04JE', 'JE', 'バルーンパンツ', 2847, '腰回りに丸みを持たせ、大胆なワイドデザインに仕上げたデニムバルーンパンツ。\r\n裾がやや短めに設定されており、足元をすっきりと見せてくれるテーパードシルエットで、腰回りのボリューム感からやや細くなる絶妙シルエット。', '04JE,ジーンズ,デニム,denim,jeans'),
('04KN', 'KN', 'スウェット風 ニット メンズ', 4939, 'HOOK定番の大きくゆったり着ることが出来るビッグシルエットで、ドロップショルダーなニット。\r\n一枚でもしっかり活躍するアイテムなので、レイヤードを楽しんだり一枚で着回しコーデの幅が広がります。', '04KN,ニット,冬,winter'),
('04MA', 'MA', '3D GYDAマスク', 1290, '●3層式フィルタを使用した立体構造マスク。●ノーズフィッターで鼻の形にぴったりフィット。●長時間の使用でも耳にやさしい耳ひも使用。●1セット10枚入り。', '04MA,マスク,mask'),
('04SW', 'SW', 'ロックキャット裏起毛スウェット', 2000, 'kutirで以前、発売した際に大人気だったロックキャットTシャツが新しくなり、\r\n秋冬に大活躍するトレンドライクなビッグシルエットの  裏起毛スウェット としてリリース!\r\n\r\nフロントに大胆に施されたプリントで、\r\n単品での着用はもちろん、アウターを羽織っても目立つデザインに仕上げました。', '04SW,スウェット,長袖,sweat,冬,秋,春,winter,spring,autunm,fall'),
('04TS', 'TS', 'patagonia  Tシャツ', 7150, 'patagonia [パタゴニア]のP-6ロゴ レスポンシビリTシャツ。リサイクル素材100%を使用。テープ処理済みの肩の縫い目により形くずれしにくく、肌触りが快適です。パタゴニアのオリジナルアート入りデ女性の方にもおすすめ。アウトドアスタイルから街着としてタックインして着るとあか抜けたカジュアルスタイルに。', '04TS,Tシャツ,シャツ,半袖,shirt,夏,summer'),
('05BA', 'BA', 'リュック ママ マザーズ', 4620, '●荷物が多いママに嬉しい多機能マザーズリュック\r\nショルダー部分にicカードや小物が入れられる、便利なファスナーポケット\r\n長財布も入る背面ポケット!リュックを背負ったまま財布や小物を取りだせます', '05BA,バックパック,リュック'),
('05CA', 'CA', '刺繍コーデュロイキャップ', 1449, '大定番コーデュロイ素材を使ったキャップが登場。\r\nフロントにあしらわれたパームツリーとロゴ刺繍が着こなしのアクセントとなり、さり気なく目を惹くデザインに◎\r\nバックのベルトでサイズ調整可能が可能です。', '05CA,cap,帽子'),
('05CO', 'CO', 'ダブルチェスターロングコート チェスターコート ロングコート', 4700, '定番のロングチェスターコート\r\nゆったりしたサイズ感\r\n柔らかくて、高見えする素材感\r\n裏地付き', '05CO,コート,冬,coat,winter,チェスターコート'),
('05DC', 'DC', 'ダウンジャケット・ダウンコート', 3978, 'バイカラー配色で切り替えたデザインが大人っぽく決まるダウンジャケット。\r\n程良いオーバーサイズでも女性らしく着られます。', '05DC,ダウン,冬,winter'),
('05HP', 'HP', 'タックハーフパンツ', 4950, '丈を少しだけ長めに設定し、幅広い方に楽しんでもらえる1枚です。\r\n滑らかな風合いで着心地も良い素材です。\r\nセンタープレスが綺麗なラインに見せてくれるハーフパンツ。 短すぎない膝上丈なので、さらっと大人っぽく履いていただけるのが魅力。', '05HP,ハーフパンツ,夏,summer'),
('05JE', 'JE', '後ゴムデニムパンツ ハイウエスト パンツデニム', 2574, '控えめの色落ち加減が上品\r\nやわらかい生地で履きやすい\r\n後ろにゴムが入っているので肉厚トップスもインしやすい\r\n太もも付近のサイズが特にゆったりしていてかわいい', '05JE,ジーンズ,デニム,denim,jeans	'),
('05KN', 'KN', 'ブロッキングニット', 2695, 'ボリューム感とハリコシがありながら、軽く、しわになりにくいケア性の高い素材を使用しております。\r\nマシンウォッシャブルはもちろん、洗濯後のタンブラー乾燥にも対応。\r\n取り扱いしづらいと感じやすいニットですが、スウェット感覚で着用頂けます。', '05KN,ニット,冬,winter'),
('05MA', 'MA', 'urethane GYDA MASK マスク', 1290, '息がしやすいポリウレタンを使用したGYDA(ジェイダ)オリジナルのマスク!ブランドロゴとクロスモチーフのワンポイントが心くすぐるポイント。', '05MA,マスク,mask'),
('05SW', 'SW', '裏毛 クルーネック 長袖 スウェット ホワイトタイガー', 2600, '思わず目が行くタイガープリント!\r\nTシャツを見せるレイヤードスタイルがかっこいい◎\r\nカーゴパンツと組み合わせるのがオススメ!!\r\nコーデの主役になる一枚です◎', '05SW,スウェット,長袖,sweat,冬,秋,春,winter,spring,autunm,fall'),
('05TS', 'TS', 'ドロップショルダーカラーTシャツ', 1000, '程よいサイドバランスでドロップショルダー設定なので1枚でもインナーでも活躍するマストハブアイテム。\r\n表面が綺麗で目面が良い生地を使用し幅広い層を狙った生地を使用。\r\n通常よりも度詰めの編立をすることで透けを改善し、首元がよれないように通常よりも太めのリブを使用。', '05TS,Tシャツ,シャツ,半袖,shirt,夏,summer'),
('06BA', 'BA', 'リュックサック レディース メンズ', 4173, '落ち着いた色合いが魅力の英国風リュックサックです。しっとりとした質感で、普段のコーデに大人な雰囲気を添えてくれます。14インチのパソコンやA4サイズの書類も入るので、学生にも通勤にもピッタリです。', '06BA,バックパック,リュック'),
('06CA', 'CA', 'Carhartt ODESSA CAP', 3344, 'ウォッシュ加工の効いたタフなコットンキャンバス素材が大人のアメカジスタイルにピッタリです。\r\nフロントは革製のブランドロゴパッチ、後ろのストラップにはブランドロゴ刺繍を施しています。\r\nアジャスターテープでサイズ調節が可能なため、ユニセックスで男女共に被れてお揃コーデにも使えます。', '06CA,cap,帽子'),
('06CO', 'CO', 'バックタックボリュームテーラードコートレディース 秋冬 アウター', 6000, '■商品の特徴\r\nウールライクのニットモッサ生地。バックタックで裾に広がりのあるシルエットです。予備ボタン1個付属。', '06CO,コート,冬,coat,winter,テーラードコート'),
('06DC', 'DC', '西川ダウン', 29260, 'ナイロンの極細糸を使用しており、薄くて膨らみある風合いや適度な伸縮性と超軽量が魅力の素材になります。\r\n密度を詰めたタフタ素材の為、最大の魅力であった“軽さ”は継承しつつ、防風性もかなり強化しています。', '06DC,ダウン,冬,winter'),
('06HP', 'HP', 'カレッジロゴ刺繍スウェットハーフパンツ', 2995, ' kutir  のTシャツやお手持ちの無地のシンプルなTシャツにシャツをたすき掛けする、\r\n一癖つけたカッコいいコーディネートを組む時に合わせやすいアイテムです。', '06HP,ハーフパンツ,夏,summer'),
('06JE', 'JE', 'ハイウエストペーパーバックマムパンツ', 2698, '丸みのあるシルエットが女性らしい着こなしを演出してくれるマムパンツ。\r\n足首にかけて細くなっているのでスラッとメリハリを出せます◎', '06JE,ジーンズ,デニム,denim,jeans	'),
('06KN', 'KN', 'ラインセーター', 3594, '秋冬にピッタリ!\r\n肉厚でしっかりとしたニット素材のセーターが登場!\r\n\r\n襟、袖に立体感のあるラインが施された\r\nコーディネートのポイントになる存在感抜群の1着です!', '06KN,ニット,冬,winter'),
('06MA', 'MA', 'GYDA MASK', 990, '◆COOL TOUCH接触冷感で夏場でも快適に着用できます。◆WHASHBLE肌触りが良く繰り返し洗えて使用できます。', '06MA,マスク,mask'),
('06SW', 'SW', 'Champion チャンピオン スウェット トレーナー メンズ 長袖 ブランド', 3500, '袖口にCロゴ刺繍でアクセントをつけた裏面起毛のスウェット。\r\nミニマムな定番デザインながら、着込むほどに味の出る表面のコットンサイドと非常にソフトな肌触りと防寒性を生み出すポリエステル起毛のフリースライクな裏面。\r\n時代やトレンドを超えたデイリーユースとして楽しめる不動のレギュラーアイテムです。', '06SW,スウェット,長袖,sweat,冬,秋,春,winter,spring,autunm,fall'),
('06TS', 'TS', 'イラストプリントロングTシャツ Right on', 4400, '素材は綿100%なので着心地が良いです。\r\nバックプリントはBIGアートプリントの仕様で大変お勧めの一着です。\r\nロングスリーブTEE全ての商品にマークゴンザレス手書き風ステッカーが付いています!', '06TS,Tシャツ,シャツ,長袖,shirt,秋,autumn'),
('07BA', 'BA', 'メッシュリュック', 2420, 'メッシュポケットがポイントのリュックです♪\r\n大容量なので学生さんにもおすすめ!\r\nオールシーズン使える万能リュックです◎', '07BA,バックパック,リュック'),
('07CA', 'CA', 'レディース メンズ 帽子', 960, '刺しゅうロゴがポイントのローキャップが登場しました。\r\n素材はコットン素材を使っているので、カジュアルな雰囲気でスタイルを選ばず使っていただけます。\r\nスポーツ、アウトドアまで幅広くお使いいただけます。', '07CA,cap,帽子'),
('07CO', 'CO', '2wayスタンドカラーロングコート', 6930, '仕様\r\n透け感:なし\r\n裏地:あり\r\n伸縮性:なし\r\n■原産国\r\n中国', '07CO,コート,冬,coat,winter'),
('07DC', 'DC', 'ファイバーダウンコート ファイバーダウンコート ダウンジャケット', 6589, 'ボリューミーな見た目から防寒性を持ち合わせつつスマートで、\r\n幅広い年齢層から好かれる今期の大人気アイテム。\r\n少し肩からずらした着方が今年らしいニュアンスになる。\r\nスカートやボトムスでそれぞれ綺麗系とカジュアル系の印象に。', '07DC,ダウン,冬,winter'),
('07HP', 'HP', 'フェイクレザーハーフ PT', 3190, '2022 春アイテム大人っぽく着回せるシックなフェイクレザーのハーフパンツ。ウエスト下に入れたタックからスッと広がるシルエットで気になるもも周りもすっきり。伸縮性のあるしなやかなフェイクレザーで穿き心地は快適です。', '07HP,ハーフパンツ,夏,summer'),
('07JE', 'JE', 'バルーンパンツ', 2847, '腰回りに丸みを持たせ、大胆なワイドデザインに仕上げたデニムバルーンパンツ。\r\n裾がやや短めに設定されており、足元をすっきりと見せてくれるテーパードシルエットで、腰回りのボリューム感からやや細くなる絶妙シルエット。', '07JE,ジーンズ,デニム,denim,jeans	'),
('07KN', 'KN', 'デザイン3Dニット', 2296, 'シンプルでコーディネートに馴染みやすいデザインの小物やアクセサリーも絶賛発売中!\r\nコーディネートに取り入れてみてください!\r\n\r\n他にはないkutirならではのアイテムと合わせて幅広いスタイルのコーディネートを楽しんで♥️', '07KN,ニット,冬,winter'),
('07MA', 'MA', 'マスクチェーン', 878, '手錠モチーフを留め具に採用したマスクストラップ。\r\n食事中などマスクを外すとき置き場に困ることなく快適に過ごすためにおすすめのアイテムです。', '07MA,マスク,mask,マスクチェーン'),
('07SW', 'SW', 'トレーナー メンズ スウェット', 7000, '太めのアームホールとゆったりとしたシルエットになっており、今っぽいシルエットを楽しめる一枚。\r\n\r\nしっかりとした肉感のヘビーウエイト裏起毛スウェット素材を採用。ハリがあり、しっかりとした肉感で、ふんわりと暖かく、寒い季節でも快適に過ごせます。', '07SW,スウェット,長袖,sweat,冬,秋,春,winter,spring,autunm,fall'),
('07TS', 'TS', 'ビッグシルエット無地ロングスリーブTシャツ Right on', 1900, '厚すぎない、程良い肉感の生地に従来よりもさらに身幅と袖のボリューム感をプラスしたスーパービッグシルエット。\r\n1枚で着てもサマになる着こなしに。スウェットアイテムと組み合わせたレイヤードスタイルにも最適の1枚です。', '07TS,Tシャツ,シャツ,長袖,shirt,秋,autumn'),
('08BA', 'BA', 'デイパック', 3438, '機能性にも優れた適度な大きさの使いやすいデイパック。\r\n内側に多数の小分け収納を備え、背面にはパソコンなど入る大きさのポケット、メインポケットは大容量のオープンポケットに小分け収納ポケットとボトルスタンドを備えた優れもの。', '08BA,バックパック,リュック'),
('08CA', 'CA', 'キャップ カジュアル スポーツ', 1232, '	ワンポイント刺繍のカジュアルキャップ♪\r\n後ろのストラップでぴったりのフィット感に調節でき、\r\n柔らかい生地なので締め付けられる事もなく快適に着用していただけます◎', '08CA,cap,帽子'),
('08CO', 'CO', 'ループヤーンノーカラーコート', 4400, 'シンプルなノーカラーコートは、表面の凹凸がポイント。\r\n細かなモコモコ感がスタイリングをかわいらしく引き立てます。\r\nちょこんと並んだスナップボタンもさりげないアクセントに。\r\nすっきりとしたラインは、動きを妨げないようサイドスリットを深めに入れています。', '08CO,コート,冬,coat,winter'),
('08DC', 'DC', 'ダウンジャケット・ダウンコート', 8800, '※モニターにより画像と実際の色目や形状等が異なる場合が御座います。ご了承の上お買い求めください。※機械による生産過程において商品によっては染料の性質上、多少の生地を織る際の糸の継ぎ目・繊維が混紡・ほつれ・接着剤付着・臭い等が生じる場合が御座います。', '08DC,ダウン,冬,winter'),
('08HP', 'HP', 'サイドポケットハーフパンツ', 7700, 'サイドにポケットデザインを施したハーフパンツです。タックを施すことで立体感が出て、ウエスト、ヒップ部分がスッキリ見えるデザインになっています。ロンTEEや、スウェットとカジュアルに合わせたり、ジャケットで大人っぽく合わせるスタイリングがおすすめです。', '08HP,ハーフパンツ,夏,summer'),
('08JE', 'JE', 'バルーンデニム', 3594, '立体的なシルエットが特徴的なバルーンデニム!\r\n色落ち感のある古着っぽいカラーと、存在感のある太めのシルエットがいつものコーデをワンランクアップ♪\r\nウエスト全ゴムで履き心地も抜群です◎', '08JE,ジーンズ,デニム,denim,jeans	'),
('08KN', 'KN', 'カシミヤブレンドミラノリブモックネック', 4400, ' 思わず触りたくなるような柔らかいタッチの素材を使用し目がギュッと詰まったミラノリブニット。 カシミヤがミックスされることで滑らかな肌触りになっています。 【デザイン・シルエット】 ルーズなサイズ感とニットならではの伸縮性で着心地がよく、スウェット感覚で着用できます。 レイヤードはもちろん1枚でも様になるデザインになっています。', '08KN,ニット,冬,winter'),
('08MA', 'MA', 'MASK FACE COVERINGS', 1980, 'MLB選手用キャップにも採用されている、機能素材COOLERAを採用したNEW ERA MASK。\r\n軽量で高い吸汗速乾性があります。\r\n立体的なパターンで、さらに鼻部分にはワイヤーが入っておりフィット感を高めます。\r\nマスク内側にフィルターを装着する仕様。', '08MA,マスク,mask'),
('08SW', 'SW', 'ピグメント ビッグ スウェット', 3190, 'どんなコーデにも使いやすい当店オリジナルアイテムの無地スウェットトレーナー。\r\n\r\nシンプルでありながらディティールにはしっかりこだわった一枚。\r\n胸元にはアメリカンヴィンテージスウェットの風格を感じさせるVガゼット。ゆったりとしたサイズ感と大きめにとられたアームホールはトレンドの韓国ファッションのテイストも落とし込みました。', '08SW,スウェット,長袖,sweat,冬,秋,春,winter,spring,autunm,fall'),
('08TS', 'TS', 'リブラインロングTシャツ Right on', 4400, '●ラインリブを取り入れたスポーツライクなロンT。\r\n●首元のラインリブと刺繍カラーがマッチした カラーリングがポイント。', '08TS,Tシャツ,シャツ,長袖,shirt,秋,autumn'),
('09BA', 'BA', 'BEN DAVIS ベンデイビス', 7590, 'BEN DAVIS ベンデイビスから大容量バックパックが登場。\r\n通勤や通学にはもちろん、アウトドアや1泊～2泊の旅行にも活躍してくれます。\r\n収納力に優れ、使いやすさを重視したポケットが多数。', '09BA,バックパック,リュック'),
('09CA', 'CA', 'Y-3/ワイスリー/LOGO CAP/ロゴキャップ', 11000, 'スタイリングを完成させるY-3 Logo Cap。クラシックなシルエットを再解釈したミニマルデザインは、背面のストラップとメタルバックルで固定されたやわらかい作り。クラウンには、色調を合わせたY-3ロゴの刺繍。', '09CA,cap,帽子'),
('09CO', 'CO', 'ロングコート メンズ タイロッケン ロングコート ソフトメルトンコート', 7216, 'ゆったりとしたサイズ感と\r\n綺麗なAラインシルエットの大人な上品コート。\r\nベルトで固定することもでき、\r\nシンプルなデザインの中にこだわりをプラス。\r\nバサッと軽く羽織ることで今冬のトレンドを押さえる、\r\n毎日使いできるコートです。', '09CO,コート,冬,coat,winter'),
('09DC', 'DC', '中綿フードＪＫ メンズ ジャケット', 13090, '中綿をふんだんに取り入れた ストレッチ 中綿 ブルゾン 切替 フードジャケット アウター が入荷されました。こちらのアウターは 配色切替のスポーツMIXデザイン で デイリー から アウトドアスタイル まで幅広く着用いただけます。', '09DC,ダウン,冬,winter'),
('09HP', 'HP', '麻調タックショートパンツ', 2750, '細すぎず太すぎない、絶妙なシルエットバランスが魅力のショートパンツです。 ワンタック入りで立体感を出し、自然なセンタープレスできちんと感をアピール。 ヒールパンプスにもマッチして、通勤やお出かけにも活躍します。', '09HP,ハーフパンツ,夏,summer'),
('09JE', 'JE', 'ウエストタックハイウエストデニム＆チノセミワイドパンツ', 2405, 'ハイウエストだから足を長く見せてくれて、\r\n綺麗なスタイルに見せてくれる。\r\n大好評につき、チノパンツを追加♪', '09JE,ジーンズ,デニム,denim,jeans	'),
('09KN', 'KN', 'ダルタニアンNo.1スタイル ハイネックニット', 8800, 'ジャケットを脱いでも、神スタイルを崩さないハイネックニット。体にフィットし、着心地の良いニットです。セットアップのパンツの他にもデニムなどでストリートカジュアルなスタイルもおすすめ。ブラックラインは夜道やブラック背景の場所、カーキラインは森などのグリーンがなじむところでダルタニアンへ一歩近づけます。', '09KN,ニット,冬,winter'),
('09MA', 'MA', 'マスク 洗える 布', 3740, 'これまで防衛省の駐屯地・基地や航空祭・駐屯地祭などの特別イベント会場でしか購入できなかったPX売店限定商品が当店で購入可能に!陸海空から国を守る自衛隊のことをもっと知ってもらいたいという想いが込められた業界最大級の品揃え。', '09MA,マスク,mask,'),
('09SW', 'SW', '裏毛 クルーネック 長袖 BIG スウェット ストリート BEAR', 2695, 'どこか憎めない、ゆるいイラストが個性的◎\r\nプリントに刺繍を部分使いで組合せ\r\nコーデの主役やはずしとしてオススメ\r\nカジュアルライクに女性もOK', '09SW,スウェット,長袖,sweat,冬,秋,春,winter,spring,autunm,fall'),
('09TS', 'TS', 'ロンT 長袖 ロングTシャツ', 2090, 'シティポップなグラフィックを力の抜けたやさしい雰囲気のイラストタッチで描いたロングTシャツ。後ろ姿でさりげなくアピールできるバックプリント、フロント左胸にはロゴ刺繍をちょこんっとオン。ストレッチ性に優れる柔らかい生地感は肌馴染みも良好。アームにゆとりがあり、ややゆったりとしたオーバーサイズのリラックスしたシルエットでトレンド感のある表情をまとい、男女問わずユニセックスにお使い頂ける一枚です。', '09TS,Tシャツ,シャツ,長袖,shirt,秋,autumn'),
('10BA', 'BA', '人間工学デザイン スクエアバックパック', 9900, 'スクエアフォルムによるビジネスシーンにフィットするPC・書類等の収納のしやすさに加え、ショルダーパッドや腰まわりの形状など人間工学設計をもとにしたデザインですので背負い心地が良い一品。\r\n落ち着いたカラーリングにシンプルなロゴデザインで幅広いスタイリングにマッチする、ユニセックスで使えるアイテムです。', '10BA,バックパック,リュック'),
('10CA', 'CA', 'ニット帽 キャップ 厚手', 925, 'しっかりとした厚みのあるリブ素材を使用したニットキャップ。シンプルなデザインながら、2wayで気分に合わせて使える優秀アイテム♪柔らかい素材なので折りたたんでコンパクトに収納でき、持ち運びラクラク。今からの季節にピッタリなおすすめアイテムです◎', '10CA,cap,帽子,ニット帽,ニット'),
('10CO', 'CO', 'ウールライクシャギーロングガウンコート', 6204, '大きな襟元と、ウールライクなシャギーが高級感漂うコート。\r\nノーボタンのガウンタイプで、さらりと羽織るだけでこなれた雰囲気に。\r\n着るだけでスタイリングがサマになる主役級コートです。', '10CO,コート,冬,coat,winter'),
('10DC', 'DC', 'THE NORTH FACE', 79200, 'THE NORTH FACE定番の、肩切り替えデザインをあしらった防水ダウンコート。表地には70デニールのGORE-TEX PRODUCTSの2層構造を採用。肩、肘、後ろ裾端は高強度の生地で補強をしています。バージンダウンを中わたに使用。高度な洗浄技術により、汚れを徹底的に除去したクリーンなダウンが高い保温性を確保します。フードのファーは取り外し可能です。', '10DC,ダウン,冬,winter'),
('10HP', 'HP', 'ハーフパンツ', 3960, 'SIDEWAY STANCEよりタイダイショーツの登場ボディ全体にタイダイ染めを落とし込んだ夏にピッタリな一着。コットン100%のしっかりとした生地感に、落ち着いたカラーリングを採用。品のあるカジュアルコーデやルーズに着こなす(ストリート・韓国コーデ等)様々なスタイリングにピッタリです。', '10HP,ハーフパンツ,夏,summer'),
('10JE', 'JE', 'ハイウェストロールアップデニムパンツ', 4488, '大胆な折り返しデザインが印象的なロールアップデニムパンツ\r\n裾を大きく折り返したトレンド感満載のデザインです。\r\nハイウエストの脚長効果で、綺麗なスタイルに見せてくれる。\r\nデイリー使いに最適な優秀アイテムでベーシックで使いやすい色味は、シーズンフリーでお使いいただけます。', '10JE,ジーンズ,デニム,denim,jeans'),
('10KN', 'KN', 'タートルニットプルオーバー', 1796, '定番のタートルニットといえばこれ!\r\n無駄な装飾一切なし!シンプルイズベストなアイテム★\r\n\r\nとにかくシンプルなタートルニットが登場♪\r\n無地で装飾もないため、着回し力抜群◎', '10KN,ニット,冬,winter'),
('10MA', 'MA', 'スポーツマスク 3D立体 5層フィルター活性炭入', 880, '商品詳細2つの換気口付きで呼吸がしやすく、スポーツシーンにオススメの立体型マスクです。\r\n5層フィルターをセットできるので、ウイルスや花粉をしっかりとブロックします。\r\nAタイプはマジックテープ付きのヘッドバンドで、よりしっかりと固定できます。', '10MA,マスク,mask'),
('10SW', 'SW', 'オリジナル グラフィック スウェット', 6490, 'SIDEWAY STANCEよりオリジナルに描き下ろしたグラフィックが目を引くスウェットパーカー。\r\n\r\nディティールにこだわったオリジナルボディを使用。\r\nゆったりとしたサイズ感と大きめにとられたアームホールはトレンドの韓国ファッションのテイストも落とし込み、フード部分のドローコードの先にはアグレットを装備。首元で結んで着こなしのワンポイントにもなっています。', '10SW,パーカー,長袖,sweat,冬,秋,春,winter,spring,autunm,fall'),
('10TS', 'TS', 'ロンT メンズ ハイネック', 4950, 'ハイネックとタートルネックで使い分けできる2way仕様で1枚ではもちろん、ニットベストなどとのレイヤードやコートやジャケットのインナー使いにと多様に活躍できる1着になっております', '10TS,Tシャツ,シャツ,長袖,shirt,秋,autumn'),
('11BA', 'BA', 'フェイクレザー×エコスエードバッグパック', 5390, 'セットアップスタイルやきれい目スタイルとの相性が抜群です。ベーシックなデザインのため、学生さんから働く大人の方たちにも幅広く活躍すること間違いなしのアイテムです。いつものスタイルに身に着けるだけでスタイリングが格上げされた印象になります。', '11BA,バックパック,リュック'),
('11CA', 'CA', 'カラービーニー', 798, 'コーディネートのアクセント・差し色としても大活躍します。\r\nカジュアルからストリートまで幅広いスタイルに対応できる万能デザイン。\r\nトレンドのUSEDライクなコーディネートやスケータースタイルに合わせると今年らしさがでます。', '11CA,cap,帽子,ニット帽,ニット'),
('11CO', 'CO', 'リブカラージッパーコート', 6452, 'きれいめになりがちなフェイクウールコートをリブカラーでカジュアルに。\r\nフェイクウールならではきれいめな雰囲気を残しつつ、カジュアルにも着やすいです♪\r\n使い勝手がとっても良いアイテムです!', '11CO,コート,冬,coat,winter'),
('11DC', 'DC', 'リバーシブルパデッドジャケット', 3998, '切り替え配色デザインが魅力的!\r\nほどよいボリュームの中綿で暖かく、一枚あると重宝すること間違いなしです。', '11DC,ダウン,冬,winter'),
('11HP', 'HP', 'カラーハーフパンツ', 1750, 'スポーティーなデザインのハーフパンツ 。\r\nウエストゴムではき心地もラクラク◎\r\nTシャツやカットソーなど、どんなトップスとも好相性♪\r\nリラックスしたいおうち時間やアウトドアシーンにも活躍するアイテムです。', '11HP,ハーフパンツ,夏,summer'),
('11JE', 'JE', '裾スリットテーパードデニムパンツ', 2810, '切りっぱなしデザインと内側のスリットがこなれ感を演出\r\nウォッシュ加工でヴィンテージライクな印象に\r\nコットン100%で優しい着心地◎', '11JE,ジーンズ,デニム,denim,jeans'),
('11KN', 'KN', 'KAGAFURI KAMAKURA カガフリ', 8910, 'ぽこぽことした編み目が手編みのような柔らかな印象を醸すカノコ編みニット。\r\n\r\nゆったりオーバーサイズの絶妙なシルエットが旬な装いを演出します。\r\n胸元には平刺繍の上に立体刺繍を重ねた「Wipe out」の文字が。\r\nボードから落ちるという意味のサーフィン用語を用いて、ブランドアイデンティティである鎌倉の海を想起させます。', '11KN,ニット,冬,winter'),
('11MA', 'MA', 'ネックレスとしても使用可能！オーバルチェーンマスクストラップ', 592, 'マスクストラップとしてはもちろん、ネックレスとしても使用可能。\r\n常に身につけることができるおしゃれアイテム!\r\n食事中やちょっとマスクを外したいシーンで大活躍してくれます。', '11MA,マスク,mask,マスクチェーン'),
('11SW', 'SW', '春カラー追加 裏起毛 長袖', 3927, '大人気の線画イラスト、スモーキングガールの新作スウェットパーカー。\r\n定番のギルダンボディに今時のゆるイラストが映えるおしゃれな1枚です。\r\nボディはベーシックなトーンで統一。使い回し易く、ユニセックスに利用が可能です。バックプリントにはアクセントになるカラーリングも追加。', '11SW,パーカー,長袖,sweat,冬,秋,春,winter,spring,autunm,fall'),
('11TS', 'TS', 'ハフ ロンT HUF', 6598, 'ストリートファッションの人気ブランドのHUF/ハフから、フロントにトリプルトライアングルロゴがプリントされたロンTが入荷。シンプルなデザインながら一枚で存在感があるデザインなのでおススメの一点です☆※両袖にプリントはございません。', '11TS,Tシャツ,シャツ,長袖,shirt,秋,autumn'),
('12BA', 'BA', 'ポロ トートバッグ', 7480, 'POLO RALPH LAUREN (ポロ ラルフローレン)のミニトートバッグが入荷しました☆センターに品格あるポニー刺繍デザインが魅力的。丈夫な厚手のコットンキャンバスを使用しています。小さめなサイズ感と、収納力抜群な広めのマチがポイントです。', '12BA,バックパック,リュック'),
('12CA', 'CA', 'ベーシック カフニット', 3168, '折り返しのあるタイプのニット帽。シンプルで使いやすく、スタイリングのアクセントにピッタリなアイテムです。', '12CA,cap,帽子,ニット帽,ニット'),
('12CO', 'CO', 'ノーカラーフォルムトレンチコート', 7920, 'やや光沢のあるナイロン混のきれいめなツイル素材を使用したトレンチコート。ノーカラーデザインがカッチリし過ぎず、どんなコーディネートにも合わせやすいアイテムです。ややゆとりのあるシルエットは、ウエストベルトをぎゅっと絞ればレディーライクに着こなせます。', '12CO,コート,冬,coat,winter'),
('12DC', 'DC', 'ファイバーダウン 中綿 ジャケット', 5480, 'ファイバーダウン(中綿ですが、通常の中綿より保温性が高い上に軽量なもの)を使用した、 フード付きのジャケット。ファイバーダウン特有のフワッとした中綿で、立体感のあるシルエットが大人な一枚。表地のマットな質感が今年らしさを演出してくれます。フリーサイズのゆったりとしたサイズ感。着丈もミドル丈で、合わせるボトムを選ばない万能アウターです。', '12DC,ダウン,冬,winter'),
('12HP', 'HP', 'カーゴハーフスラックス ', 1373, ' 製品の色は、ユーザーのモニターの解像度に応じて、\r\n実際の色と多少異なって見える場合がございます。 \r\n-製品カットの色が実際商品の色と最も似ています。', '12HP,ハーフパンツ,夏,summer'),
('12JE', 'JE', 'デニム サイドライン ワイドパンツ', 8910, '加工感、履き心地を重視し素材を選定。\r\n\r\nジーンズ本来のタフさと柔らかさを併せ持つ綿100%デニム。\r\n\r\n12.5ozのロングシーズン履けるしっかりとした肉感で時の経過とともにフェードしていく色味と馴染む履き心地をお楽しみください。', '12JE,ジーンズ,デニム,denim,jeans'),
('12KN', 'KN', 'ツーボーダーニットプルオーバー', 2995, '太めボーダーが目を引く!\r\nカラフルで個性的なニット♪\r\n\r\n太いボーダー柄は太って見えがちですが、\r\nこちらのボーダーニットは問題なし♪', '12KN,ニット,冬,winter'),
('12MA', 'MA', 'マスクチェーン', 660, '食事中などマスクを外すとき置き場に困ることなく快適に過ごすためにおすすめのアイテムです。\r\n※ストラップ単体の販売となっておりマスクはついておりません。', '12MA,マスク,mask,マスクチェーン'),
('12SW', 'SW', 'プルオーバーパーカー メンズ パーカー', 7590, 'スケーターのみならず、アーティストとしても人気の【Mark Gonzales】より、別注プルオーバーパーカーが登場。\r\n\r\nフロントには注目度の高いカレッジ風ロゴプリントを、バックには個性的なロゴプリントを施し、トレンド性を感じる一着に。', '12SW,パーカー,長袖,sweat,冬,秋,春,winter,spring,autunm,fall'),
('12TS', 'TS', 'ヘビーウエイト刺繍ビックシルエットロンT', 2299, '古着でも人気が高騰しているNFLの大人気チーム『PACKERS』の別注ロンTが登場。\r\n胸のポケットと、主張し過ぎないワンポイント刺繍ロゴがコーディネートのアクセントになります。\r\nBIGシルエットにすることでWEGOらしいアイテムに。', '12TS,Tシャツ,シャツ,長袖,shirt,秋,autumn'),
('13BA', 'BA', 'バレンシアガ トートバッグ ネイビーカバ', 122800, 'BALENCIAGA(バレンシアガ)のトートバッグが入荷しました☆コントラストの効いたブランドロゴに視線が集まる「スモールカバス」。取り外しできるポーチがセットになっています。荷物量に応じてサイドのスナップボタンでシルエットを調整可能。肩にも掛けやすく、デイリーユースに重宝します。', '13BA,トートバッグ,カバン'),
('13CA', 'CA', 'BEN DAVIS EMBRO KNIT CAP', 2090, '\r\n幅広いコーディネートにマッチするデザインが魅力のビーニー。男女問わず、カジュアルやアウトドアでの定番スタイルとして人気です。\r\nかぶり方でいろいろなスタイルを出せるのも魅力。たためるので鞄の中に入れておいて必要な時にぱっと出せます。', '13CA,cap,帽子,ニット帽,ニット'),
('13CO', 'CO', 'モッサ風ダブルフェイスチェスターコート', 3980, 'あたたかな風合いのモッサ風のダブルフェイス生地で仕立てたチェスターコート。\r\nIラインで品良くスタイリング出来るロング丈もポイントです。後ろ裾のセンタースリットでさりげないヌケ感もプラス。\r\n洗練感のあるデザインで合わせるテイストを問わず、オンオフ幅広いシーンにも活躍してくれるアイテムです。', '13CO,コート,冬,coat,winter'),
('13DC', 'DC', 'SORONA中綿ショ－トジャケット', 5888, 'スポーティーになりすぎない大人キレイな仕上がりの中綿ジャケット。\r\nほどよいボリューム感で、コンパクトなデザインなので、ボトムを選ばず、すっきり着て頂けます。\r\n裾にスピンドルゴムを使用しているので、デザインを付けて着て頂けます。', '13DC,ダウン,冬,winter'),
('13HP', 'HP', 'ショートパンツ セットアップ対応', 3190, 'カットジョーゼット生地を使ったハーフパンツです。 シボ感のある素材で、軽くて通気性も高い春夏シーズンにピッタリなアイテム。 4ポケット、フロントZIP・ベルトループ使いの汎用性の高いシンプルなデザインです。 また、とろみ感と弾力性に富んだ抜群のストレッチ性で、快適に着用して頂けます。', '13HP,ハーフパンツ,夏,summer'),
('13JE', 'JE', '穿いていて疲れない', 4400, 'リサイクルコットンデニムを使用したストレートパンツです。\r\n本格派デニムのルックスながらよくストレッチしリラックスした履き心地。\r\nコーデしやすいのでワードローブに備えておくと活躍すること間違いなしです。', '13JE,ジーンズ,デニム,denim,jeans'),
('13KN', 'KN', 'インターシャロゴニット', 1375, '編んでいる途中で糸を替える編み方をすることで、\r\nデザインをはめ込む編み方のインターシャ。\r\nこの編み方によって厚みを出さずに柄を組み込むことが出来ます。\r\n\r\nアクリル100%でウールに近い風合い。\r\nふっくら柔らかく、シワになりづらい。\r\n洗濯しても型崩れしにくく、縮みにくいため、扱いやすい服です。', '13KN,ニット,冬,winter'),
('13MA', 'MA', 'マスクチェーン', 878, '手錠モチーフを留め具に採用したマスクストラップ。\r\n食事中などマスクを外すとき置き場に困ることなく快適に過ごすためにおすすめのアイテムです。\r\n※ストラップ単体の販売となっておりマスクはついておりません。', '13MA,マスク,mask,マスクチェーン'),
('13SW', 'SW', 'Carhartt カーハート プルオーバーパーカー', 10780, 'Carhartt/カーハートよりミッドウェイトプルオーバースウェットパーカーのご紹介です。\r\n\r\nワークウェアという垣根を越え、カジュアルからストリートなど普段使いにも対応する万能感溢れるアイテムに仕上がりました。', '13SW,パーカー,長袖,sweat,冬,秋,春,winter,spring,autunm,fall'),
('13TS', 'TS', 'ボーダー Tシャツ カットソー', 3190, 'トップスに一枚でも、ジャケットのインナーとしても使いやすいバスクシャツの素材を使用したボーダーカットソー。ガシッとした触感の肉厚で頑丈に仕上げた天竺生地。襟ぐりと袖口はリブ使いでキュッと引き締め、細ピッチボーダーによるクリーンな雰囲気も◎', '13TS,Tシャツ,シャツ,長袖,shirt,秋,autumn'),
('14BA', 'BA', 'ビッグタッセル ラージトートバッグ', 6390, 'シンプルベースで無駄のないすっきりとしたデザインは、ビジネス使いにも普段使いにも活躍できるアイテム。\r\n質の良い滑らかでさらさらマットなスムースレザーに大きなタッセルがアクセント◎\r\n内側、背胴の両方に大きなファスナー付きポケットがあり、大事なものを安心して収納でき、A4ファイルも楽々入る大容量設計です。', '14BA,トートバッグ,カバン'),
('14CA', 'CA', 'フェルトベレー帽 ', 1045, '・ベーシックデザインだから流行りに左右されず◎\r\n・ウール100%素材で肌にも優しい★\r\n・オシャレを楽しみながら冬の防寒も★\r\n・自分用にも贈り物用にも★\r\n・ユニックスでも被れちゃう!?', '14CA,cap,帽子,ベレー帽'),
('14CO', 'CO', 'JET LIGHTオーバーチェスターコート', 11000, '今年も人気のチェスターコートが入荷♪しっかりとした着丈感ながら軽い着心地とドロップしたショルダーで袖口にゆとりを持たせているので動きやすいのが人気のポイント!襟を大きめにデザインすることで小顔効果にも期待できます。フェミニンなスカートスタイルでは、スカートをコートからのぞかせるのも好バランス。', '14CO,コート,冬,coat,winter'),
('14DC', 'DC', '河田フェザーダウンジャケット', 10175, '河田フェザー社のリサイクル羽毛「グリーンダウン」を使用したダウンジャケット。\r\n表地は撥水素材「コンフォータス(R)WR」を使用した、程よい光沢感のマイクロリップストップ生地になっています。\r\nまた撥水性だけでなく衣類内の湿気を外に逃がす透湿性も兼ね備えている優れモノです。', '14DC,ダウン,冬,winter'),
('14HP', 'HP', 'リネンライクハーフパンツ ボトムス', 2469, '●素材\r\n【本体】ポリエステル 100%\r\n【裏地】ポリエステル 96%、ポリウレタン 4%\r\n●生地\r\nやや薄手のハリのある生地\r\n●伸縮性\r\nなし\r\n●透け感\r\nなし', '14HP,ハーフパンツ,夏,summer'),
('14JE', 'JE', '裏起毛デニムスリムフィットスキニーパンツ', 2307, '本格的な前ファスナーやホック付きでトップスをインしてもすっきり見えが狙えるスキニーパンツ。\r\nコシのあるデニム仕立てながらも、3Dスキャンによる立体パターンで実現した、快適な穿き心地と360°美脚シルエットが1本です。\r\n裏起毛で暖かな穿き心地です。', '14JE,ジーンズ,デニム,denim,jeans'),
('14KN', 'KN', 'HOOK新作 個性派 羊柄薄手ニット', 3668, '裾に横並びの羊モチーフが特徴的な、存在感たっぷりのニットプルオーバー。\r\n\r\nコーディネートに関して、アウターには、ダウンジャケット、コーチジャケット、ボアフリースなど今期のトレンドアイテムが最適。\r\nスキニー、ラインパンツ、スニーカーとの合わせで、最旬のスポーツ、ストリートMIXコーデが完成。', '14KN,ニット,冬,winter'),
('14MA', 'MA', 'マスクチェーン 2way ネックレス ゴールド オシャレ 上品', 1320, '■マスク時代の新しいマストアイテム。華奢なチェーンがおしゃれなだけじゃなく、ちょっとマスクを外す時に便利◎使わないときはネックレスになるこれからの時代にマストな2WAYアクセサリー。', '14MA,マスク,mask,マスクチェーン'),
('14SW', 'SW', 'ビッグ スウェット', 4290, 'どんなコーデにも使いやすい当店オリジナルアイテムの無地スウェットパーカー。\r\n\r\nシンプルでありながらディティールにはしっかりこだわった一枚。\r\nゆったりとしたサイズ感と大きめにとられたアームホールはトレンドの韓国ファッションのテイストも落とし込み、フード部分のドローコードの先にはアグレットを装備。首元で結んで着こなしのワンポイントにもなっています。', '14SW,パーカー,長袖,sweat,冬,秋,春,winter,spring,autunm,fall'),
('14TS', 'TS', 'patagonia LOGO RESPONSIBILI-TEE', 7150, 'patagonia [パタゴニア]のP-6ロゴ レスポンシビリTシャツ。リサイクル素材100%を使用。テープ処理済みの肩の縫い目により形くずれしにくく、肌触りが快適です。パタゴニアのオリジナルアート入りデ女性の方にもおすすめ。', '14TS,Tシャツ,シャツ,半袖,shirt,夏,summer'),
('15BA', 'BA', 'トライアングルロゴトートバッグ 冬 春', 790, 'ヴィンテージ風のロゴバッグ\r\nシンプルなコーデに持っているとポイントになるアイテムです!\r\nトライアングルバッグなので肩にかけても持ち手がずり落ちることなく\r\n使いやすく、マチもあるのでファーストバッグにも◎\r\nセカンドバッグとして鞄にひそませておくにも\r\n幅広く使いやすいアイテムです!', '15BA,トートバッグ,カバン'),
('15CA', 'CA', 'クールベレー帽', 1760, '＼清涼感のある春夏にピッタリなベレー帽/コーデを一気にオシャレにしてくれるITEMです。てろっとした生地感が被っていてもストレスフリーでデニムコーデからきれいめなワンピースまで幅広く合わせていただけます◎', '15CA,cap,帽子,ベレー帽'),
('15CO', 'CO', 'コート メンズ オーバーコート', 6732, 'ワイドシルエットを取り入れたオーバーサイズで、ゆったりとしたサイズ感とロング丈が旬な着こなしを実現。\r\n\r\n表地には滑らかな肌触りのフェイクスウェード素材を採用しており、大人な雰囲気を演出しています。クリーンな着こなしにもマッチし、幅広いスタイルで活躍できます。', '15CO,コート,冬,coat,winter'),
('15DC', 'DC', 'AFSOC WW ダウン ジャケット/AFSOC WW DOWN JACKET', 24640, 'デザイン:N-3をデザインベースにアーバンなコンパクトな使用にアレンジしたスタイルで\r\n大ぶりなバックプリントとテープ使いがポイントになっています。\r\n\r\nフード口リフレクター使いもアクセントになっていてAVIREXらしさを演出しています。', '15DC,ダウン,冬,winter'),
('15HP', 'HP', 'フェイクレザーハーフ PT', 3190, '2022 春アイテム大人っぽく着回せるシックなフェイクレザーのハーフパンツ。ウエスト下に入れたタックからスッと広がるシルエットで気になるもも周りもすっきり。伸縮性のあるしなやかなフェイクレザーで穿き心地は快適です。', '15HP,ハーフパンツ,夏,summer'),
('15JE', 'JE', 'GOOD COMFORTジョガーパンツ', 7031, 'サテン生地を使用している為、風合いが良く履き心地抜群なパンツになります。', '15JE,ジーンズ,デニム,denim,jeans'),
('15KN', 'KN', 'ポリニットリアルレイヤードクルーネック', 3168, '■デザイン\r\nゆとりのあるサイズ感のポリエステルニットのカットソーです。\r\n着回し可能な白の無地ロンTセットアイテムで、裾、首周りからレイヤードスタイルを楽しめます。', '15KN,ニット,冬,winter'),
('15MA', 'MA', 'マーブルマスクチェーン', 1100, '食事中などマスクを外すとき置き場に困ることなく\r\n快適に過ごすためにおすすめのアイテムです。\r\n※ストラップ単体の販売となっておりマスクはついておりません。', '15MA,マスク,mask,マスクチェーン'),
('15SW', 'SW', '韓国 ファッション トレーナー', 4151, '韓国ファッションで欠かせないビッグシルエットトレーナー。カラーブロックデザインのボディーが、韓国ストリートスタイルにおすすめです。秋冬だからこそアクセントをつけた個性的なスタイリングがアーバンな着こなしを演出します。', '15SW,スウェット,長袖,sweat,冬,秋,春,winter,spring,autunm,fall'),
('15TS', 'TS', 'Y 3 ワイスリー', 22000, 'Y-3コレクションから、スタイルにパンキッシュでサイケデリックなエッジを添える「Y-3 OPTIMISTIC ILLUSIONS SHORT SLEEVE TEE」が誕生。フロントに、らせん状にY-3ラベルが落ちていくような、幾何学模様のグラフィカルなデザインをあしらったモデル。', '15TS,Tシャツ,シャツ,半袖,shirt,夏,summer'),
('16BA', 'BA', 'ソフトシュリンク テープコンビ A4 トート バッグ', 18700, '人気のテープハンドルのトートに定番カラーが再登場!定番だから永く愛用できる、シンプルが魅力のトートバッグです。キズや汚れが目立ちにくいシュリンクレザーを使用し、テープハンドルにボディと同色のレザーをあしらったスポーティなデザイン。A4サイズの書類も収まり通勤用にもおすすめです。', '16BA,トートバッグ,カバン'),
('16CA', 'CA', 'サーモ素材プレーンハンチング', 2310, 'いつものコーデにプラスするだけで、こなれた印象にしてくれるお洒落アイテムです。\r\n深さがあり綺麗に形が決まるので、あまりハンチングを使わないという方も被りやすいデザインです。\r\n定番アイテムとして取り入れやすいプライスも魅力◎', '16CA,cap,帽子,ハンチング'),
('16CO', 'CO', 'フェイクムートンコート', 4944, 'フロントに施された大きなパッチポケットがアクセントを効かせているフェイクムートンコート。フェイス周りをすっきりと見せるノーカラー、ドロップショルダー、高い位置での身頃切り替えなどがポイントになっています。スキニーなどのタイトなシルエットはもちろん、ワイドボトムスとも好相性です。', '16CO,コート,冬,coat,winter'),
('16DC', 'DC', 'エコフェイクダウンブルゾン モンスターパーカー フェイクダウンコート', 5592, 'ゆったりとしたオーバーなサイズ感が旬顔なボリューム感があるモンスターエコダウンブルゾン!\r\nしっかりとした生地感で、スタンドカラーで首回りが暖かいので防寒対策ばっちりです。\r\nしっかり暖かいのに軽くて快適に着て頂けます。\r\nゆったりしたシルエットとボリューム加減がポイントです。', '16DC,ダウン,冬,winter'),
('16HP', 'HP', 'スポーティーライン スウェットハーフパンツ', 1320, '一枚あると便利なゆるかわパンツ。\r\nスポーティコーデにピッタリなパンツはルームウェアやコンビニまでのちょっとした外出・海・スポーツ等幅広く着用して頂ける一枚。\r\nウエストゴム+柔らか素材で暑い夏も穿き心地抜群です。', '16HP,ハーフパンツ,夏,summer'),
('16JE', 'JE', 'デニムパンツ', 3465, '程よい厚みの7.5 Ozのウォッシュ加工で固すぎない快適な履き心地が魅力のデニムセミワイドフレアパンツ。\r\n女性らしいメリハリのあるセミフレアデザインで、コーデを旬のスタイルにアップデートしてくれます。', '16JE,ジーンズ,デニム,denim,jeans'),
('16KN', 'KN', 'カノコクルーネックニット', 1989, '伸縮性:あり\r\n透け感:あり\r\n裏地:なし\r\nポケット:なし\r\n生地感:起毛したニット生地\r\n注意点:お洗濯方法によっては縮みや色あせの可能性あり。乾燥機等のご使用はお控え下さい。', '16KN,ニット,冬,winter'),
('16MA', 'MA', 'オリジナルマスクケース', 1881, '上質なケースで他とは差がつく小物はマスト◎ ■アイテムMURUA(ムルーア)からオリジナルマスクケースが発売! 食事の時や外出先でサッと収納できる優れもの。スタイリッシュでシンプルなデザインなので、持ち物にもなじみやすいです。', '16MA,マスク,mask,マスクケース'),
('16SW', 'SW', 'トレーナー スウェット', 5937, '老舗ワークウェアブランド【BEN DAVIS】に別注したZIP FIVEオリジナルスウェットが登場。\r\n\r\nフロントのレトロな雰囲気感じるカレッジロゴはZIPオリジナルの配色デザインになっております。', '16SW,スウェット,長袖,sweat,冬,秋,春,winter,spring,autunm,fall'),
('16TS', 'TS', 'THE NORTH FACE M L/S BOX NSE TEE', 7150, 'THE NORTH FACEからロングスリーブTシャツ。大人気の定番ボックスロゴがバックに大きくプリントで施されたデザインフロントはワンポイントでブランドアイコン。クルーネック、袖口はリブ仕様。1枚ではもちろん、インナーとしてもお使いいただけるので長い間着用できます', '16TS,Tシャツ,シャツ,長袖,shirt,秋,autumn'),
('17BA', 'BA', 'ハンドバッグ トートバッグ A4サイズ', 1776, '優しく淡い色にシンプルなシルエットが\r\nナチュラルな大きめのトートバッグです。\r\nA4サイズや500mlペットボトルが余裕で入る大きさなので\r\nビジネスシーンや通勤通学にもおススメのカバンです。', '17BA,トートバッグ,カバン'),
('17CA', 'CA', 'ベレー帽', 1265, '今季もベレー帽はマストITEM!シンプルながら洗練されたルックスのフェイクレザーのベレー帽は、コーデにプラスするだけでオシャレ度がUPするアイテムです◎シンプルなデザインなのであらゆるスタイリングに大活躍!!コーデにプラスするだけでオシャレ度がぐんッとUPする優秀ITEMです。', '17CA,cap,帽子,ベレー帽,レザー'),
('17CO', 'CO', 'ボリュームAラインコート', 27500, 'たっぷりとした分量感のあるAラインシルエットが印象的なバルマカーンコート。Aラインがきれいに出るよう、後ろ中心にボックスタックデザインを入れています。丈もたっぷりと長めでトレンド感のあるコート。ミディアムグレーはグレーのワントーンで着こなすのがイチオシ。また今年らしいブーツインスタイルや、ネイビーはキチンと感もあるのでフォーマルシーンにもおすすめです。', '17CO,コート,冬,coat,winter'),
('17DC', 'DC', '撥水ダウンパーカー', 6897, '着丈は通常のブルゾンよりやや長く、ラグランスリーブなので肩回りのゆったりとしたワイドシルエットのダウンパーカーです。\r\n袖口にはフリース素材の裏地を採用、首元まで防寒できる取り外し可能なフードが付きます。', '17DC,ダウン,冬,winter'),
('17HP', 'HP', 'NAIDY ロゴ刺繍入りスポーティカジュアルスウェットパンツ', 5148, 'モニターの発色の具合によって実際のものと色が異なる場合がございます。ご了承ください。\r\n海外輸入製品のため、デザイン、仕様、販売価格など予告なく変更することがありますので予めご了承ください。', '17HP,ハーフパンツ,夏,summer'),
('17JE', 'JE', 'デニムワイドパンツ ', 5245, '■商品説明\r\n【デニムバルーンパンツ】\r\n\r\n●Design/デザイン\r\nワイドパンツのような穿き心地の楽さに、\r\n脚をすっきり見せるスリムさを加えた\r\nバルーンデニム。', '17JE,ジーンズ,デニム,denim,jeans'),
('17KN', 'KN', 'レトロ調古着風パッチワーク刺繍ニット カーディガン', 5506, '大胆かつ絶妙な配色が特徴の刺繍入りニットプルオーバー。\r\n身幅や袖にゆとりを持たせることで、丸みのあるシルエットを表現しつつも、インナーとしても合わせ易いよう計算された、程好くリラックス感のある絶妙なシルエットが魅力。', '17KN,ニット,冬,winter'),
('17MA', 'MA', 'マスクケース/クロコ型押し', 2750, 'マスクが必需品となった今、機能性とファッション性のあるスタイリッシュに持ち運びできるマスクケースをつくりました。\r\n\r\n不織布マスクが3～4枚収納可能。', '17MA,マスク,mask,マスクケース'),
('17SW', 'SW', 'NEW YORKスウェットクルー', 4455, '■素材、機能 しっかりとした肉感で非常に防寒性が高い裏起毛素材です。 適度なストレッチ性とハリ感で綺麗なシルエットを維持出来ます。 ■シルエット、デザイン シンプルなカレッジロゴを大胆にプリントしたインパクトあるプリントスウェットです。', '17SW,スウェット,長袖,sweat,冬,秋,春,winter,spring,autunm,fall'),
('17TS', 'TS', 'リブラインロングTシャツ Right on', 4400, '●ラインリブを取り入れたスポーツライクなロンT。\r\n●首元のラインリブと刺繍カラーがマッチした カラーリングがポイント。', '17TS,Tシャツ,シャツ,長袖,shirt,秋,autumn'),
('18BA', 'BA', 'スコッチグレイン ネオレザー トート バッグ ショルダー付き', 18700, '≪シーンを選ばず使える定番≫人気のスコッチグレインシリーズとトレンド感のある太めのショルダーベルトがセットになった、うれしい2wayトートバッグ。お客様のご要望にお応えし、誕生しました。Mサイズは、B5がストレスなく収まり、ショルダーとして持った時もバランスよく決まる程よいサイジング。', '18BA,トートバッグ,カバン'),
('18CA', 'CA', 'レオパードジャガードベレー', 2307, '【デザイン】\r\nあたたかみのある素材感とコロンとしたフォルムがかわいいベレー帽。\r\nトレンドのレオパード柄なので、シンプルコーデのアクセントとしておすすめです。', '18CA,cap,帽子'),
('18CO', 'CO', 'トレンチコート', 4198, '流行り廃りがなくスマートな着こなしを楽しめるトレンチコート。\r\n程よくゆったりとしたシルエットにすることでかっちりしすぎないクラシカルな雰囲気に。\r\nウエストベルトを絞ってシルエットを変えることで幅広いスタイリングを楽しめます◎\r\n滑らかな裏地付きで着心地の良いひと品です。', '18CO,コート,冬,coat,winter'),
('18DC', 'DC', '中綿スタンドダウンジャケット', 3245, '気密性が高く撥水効果のあるマットな質感の生地を使用。中綿もしっかりと入っており防寒性も高く、裾部分にはドローコードを装備し、より理想に近いシルエットを作り出すことが可能。内ポケットも装備し機能性もばつぐん。', '18DC,ダウン,冬,winter'),
('18HP', 'HP', 'ワンポイントワッペン ハーフパンツ', 1320, '一枚あると便利なゆるかわパンツ。\r\nスポーティコーデにピッタリなパンツはルームウェアやコンビニまでのちょっとした外出・海・スポーツ等幅広く着用して頂ける一枚。\r\nウエストゴム+柔らか素材で暑い夏も穿き心地抜群です。', '18HP,ハーフパンツ,夏,summer'),
('18JE', 'JE', 'クラッシュデニム ダメージジーンズ', 5148, '影時ライティング/ご覧になっているモニター/PC環境等により、実際の商品と色味が異なって見える場合がございます。\r\n・平置きサイズの為、多少誤差が生じる場合が御座います。\r\n・海外製の為、日本製と比べほつれや縫製等、緩い可能性がございます。', '18JE,ジーンズ,デニム,denim,jeans'),
('18KN', 'KN', 'ヒト刺繍 ダブルジャガードニット セーター', 5841, 'シティポップなイラストタッチのデザインが、アーバンな雰囲気と、どこか懐かしさを感じさせるクルーネックニットセーター。\r\n\r\nハリ感のある肉厚で丈夫な生地感で、それでいてアクリル素材を使っているからニット特有のチクチク感がなく快適に着ていただけます。', '18KN,ニット,冬,winter'),
('18MA', 'MA', 'Ungridマスクケース', 2200, 'Ungridからオリジナルマスクが2型登場し持ち運びに欠かせないケースも登場! ◆デザイン ナイロン素材のマスクケースはブラウンのコードが効いて大人なデザインに。 コード紐はラフにぐるっと巻いて頂けます。 マスクケースはもちろん小物入れとしても使用して頂けます。※マスクケースは単品での販売となりマスクは別売りとなります。', '18MA,マスク,mask,マスクケース'),
('18SW', 'SW', '裏毛 クルーネック 長袖 BIG スウェット 恐竜ハウス', 3080, '自分の体より小さな家に入り、家を破壊してしまったやんちゃな恐竜\r\nそんなストーリーが見えてくる、POPなイラストがかわいい裏毛スウェット\r\nフロントは刺繍で表現し、トップス一枚でもコーデが決まるデザインに\r\nユニセックスで着られる可愛いアイテムです', '18SW,スウェット,長袖,sweat,冬,秋,春,winter,spring,autunm,fall'),
('18TS', 'TS', 'ヘビーウエイト リンガーBIGロンTシャツ', 2547, '・首元、袖元にデザインがあるリンガーT\r\n・デイリー使いしやすいヘビーウエイト素材\r\n・スタイリングしやすいロゴがポイント★', '18TS,Tシャツ,シャツ,長袖,shirt,秋,autumn'),
('19BA', 'BA', 'トートバッグ レディース 帆布 韓国', 2172, 'メイン開閉はマグネットボタン仕様、大きく開くので出し入れもスムーズ\r\nシンプルなデザインなので様々なシーンで大活躍間違いなし', '19BA,トートバッグ,カバン'),
('19CA', 'CA', '帽子 ベレー帽', 1969, '	さっと被るだけで抜け感のあるおしゃれが楽しめるベレー帽。\r\n上品で知性あふれるアイテムが大人女性の秋冬スタイルのスパイスに。\r\nシックな配色でおしゃれ上手になれそうです。', '19CA,cap,帽子'),
('19CO', 'CO', 'カシミヤ & ウール', 19800, 'サラッと羽織れるノーカラーコートをカシミヤ10%ウール90%混紡の絶妙なブレンドでお届け。ソフトで肉厚、ゆったりと包み込まれるようなシルエット。暖かく肌触りの良い素材は、毎日羽織る冬のアウターにピッタリです。ドロップさせたショルダーで肩周りがラクで滑らかに見えるように仕上げました。ムダな装飾をなくし、シンプルなデザインに仕上げたノーカラーコート。すっきりとしたボトムスとドロップショルダーのアウターは相性抜群。', '19CO,コート,冬,coat,winter'),
('19DC', 'DC', '薄中綿キルティングリバーシブルコート コート 中綿 キルティング', 5210, 'ダイヤモンドキルティングデザインが、シンプルでありながら上品な印象の中綿コート。一般的な中綿に比べ少し薄い素材感なので、さらっと羽織りやすいアイテムです。\r\n\r\nノーカラーデザインですっきりとした印象に仕上げました。裏表カラーの違うリバーシブル仕様なので、気分に合わせて雰囲気を変えられます。', '19DC,ダウン,冬,winter'),
('19HP', 'HP', 'サイドベルトハーフパンツ', 2443, '【素材】\r\nレーヨン混は落ち感があり滑らかな肌触りなので、大人っぽいシルエットへと導きます。\r\n\r\n【デザイン】\r\nサイドのベルトがインスタイルにアクセントをプラス。裾に向かってやや広がるシルエットと絶妙な丈感がこなれ感を演出し、大人が着用しやすいシルエットに仕上げました◎', '19HP,ハーフパンツ,夏,summer'),
('19JE', 'JE', 'デニムマムPT …', 3190, '2021 秋冬アイテムルーズなシルエットでリラックス感たっぷりに着こなせるパンツが登場。股上を深めにし、腰回りにゆとりを持たせることで気になる体型カバーも叶えます。ウエストゴムの上はフリルのようになっているのでトップスインスタイルも◎。足首に向かって細くなるテーパードシルエットでラフ&カジュアルな雰囲気に仕上げています。', '19JE,ジーンズ,デニム,denim,jeans'),
('19KN', 'KN', 'カレッジロゴ ダブルジャガードニット セーター', 4851, 'カレッジロゴ×ビッグシルエットの最強タッグが柄違いで使えるクルーネックニットセーター。\r\n\r\nハリ感のある肉厚で丈夫な生地感で、それでいてアクリル素材を使っているからニット特有のチクチク感がなく快適に着ていただけます。', '19KN,ニット,冬,winter'),
('19MA', 'MA', 'パールマスクストラップ', 2552, '外したマスクを落としたり、置き場に困る心配もなく、ネックレスのようにもしてお使いいただける便利なアイテム。\r\n周りとも差をつけられるのでマストアイテム間違いなし!', '19MA,マスク,mask,マスクストラップ'),
('19SW', 'SW', 'トレーナー  ビッグシルエット', 3980, '●綿100%の裏毛パイル素材で着心地のいいスウェットトレーナー\r\n●生地は適度な厚みの10オンス\r\n●ドロップショルダーとゆったりとした袖幅が抜け感をプラス\r\n●シルエットはオーバーサイズのビッグシルエット\r\n●首元は気合わせのしやすいクルーネック', '19SW,スウェット,長袖,sweat,冬,秋,春,winter,spring,autunm,fall'),
('19TS', 'TS', '抗菌防臭付 モックネック カットソー', 2871, '抗菌防臭効果のある機能性素材を使用したモックネックカットソー。\r\n\r\nボディは通気性と吸水性に優れたコットンとシワになりくく乾きの早いポリエステルを混紡したポンチ素材。アウトドアアイテムにも使用されるような生地で、さらに抗菌防臭効果もあるハイクオリティな一枚。', '19TS,Tシャツ,シャツ,長袖,shirt,秋,autumn'),
('20BA', 'BA', 'コンビニエコバッグ DONOBAN', 800, 'コンパクトに畳めていつも持ち歩ける便利なコンビニ用エコバッグが登場。\r\nお弁当が平らにスッポリ入るマチ広デザインがポイント◎\r\n軽量で、カラビナ付きなのでどこにでも付けられるので持ち運びに便利。\r\nカラーもコーディネートに合うニュアンスカラーでご用意しました♪', '20BA,トートバッグ,カバン,エコバッグ'),
('20CA', 'CA', 'パールたっぷりのベレー帽 ', 3080, 'おしゃれなパールモチーフで気分も上がるベレー帽です。カラーはあくまでもベーシックに。合わせやすくて秋コーデがすぐ完成!', '20CA,cap,帽子'),
('20CO', 'CO', 'TYPEWRITER SHIRT COAT/タイプライターシャツコート', 3294, '<コーディネート>\r\n・Tシャツにさらっと羽織ってモード感のあるスタイルに\r\n・ビッグシルエットなのでスラックスやスキニーボトムがおすすめ', '20CO,コート,冬,coat,winter'),
('20DC', 'DC', 'グリーンダウンエコスエードジャケット', 12000, 'styling\r\n1枚で十分に防寒の作りのため、春先や秋口に着るような薄手のニットやロンTの上に羽織るだけで、寒い冬も暖かく過ごしていただけます。', '20DC,ダウン,冬,winter'),
('20HP', 'HP', 'ハイウエストハーフパンツ', 3300, 'ベーシックなハーフパンツは1枚持っておきたいアイテム◎\r\nハイウエストになっているのでショート丈のトップスと合わせても可愛いです。\r\nブラウスを合わせて綺麗めにも、Tシャツを合わせてカジュアルにも着れる着回し力抜群のハーフパンツです。', '20HP,ハーフパンツ,夏,summer'),
('20JE', 'JE', 'バルーンパンツ ', 2547, '丸みがあり大胆なワイドデザインに仕上げたバルーンパンツ。\r\n裾がやや短めに設定されており、足元をすっきりと見せてくれるテーパードシルエットのため野暮ったくなりすぎず旬な抜け感を演出します◎', '20JE,ジーンズ,デニム,denim,jeans,バルーンパンツ'),
('20KN', 'KN', 'HOOK スウェット風 ニット', 4405, 'HOOK定番の大きくゆったり着ることが出来るビッグシルエットで、ドロップショルダーなニット。\r\n一枚でもしっかり活躍するアイテムなので、レイヤードを楽しんだり一枚で着回しコーデの幅が広がります。', '20KN,ニット,冬,winter'),
('20MA', 'MA', '【2way】マスクストラップネックレス', 1995, '\r\nネックレスとしても使えるマスクストラップ!\r\nカラフルなビーズを使用したトレンドのデザイン♥\r\n首から下げられるので、マスクを紛失したり置き場所に困る等の心配もなく\r\nマスク生活を快適にしてくれます!', '20MA,マスク,mask,マスクストラップ'),
('20SW', 'SW', 'ハフ トレーナー スウェット', 12100, 'HUF/ハフから、クルーネックスウェットが入荷。左胸の部分とバックにトリプルトライアングルロゴがプリントされた定番の人気デザイン♪裏起毛のヘビーウエイトスウェット生地を採用し、暖かいので秋口から春先までロングシーズン着回ししていただけます。', '20SW,スウェット,長袖,sweat,冬,秋,春,winter,spring,autunm,fall'),
('20TS', 'TS', 'ロンT 長袖 ロングTシャツ', 1881, 'シティポップなグラフィックを力の抜けたやさしい雰囲気のイラストタッチで描いたロングTシャツ。後ろ姿でさりげなくアピールできるバックプリント、フロント左胸にはロゴ刺繍をちょこんっとオン。ストレッチ性に優れる柔らかい生地感は肌馴染みも良好。', '20TS,Tシャツ,シャツ,長袖,shirt,秋,autumn');

-- --------------------------------------------------------

--
-- テーブルの構造 `sku`
--

CREATE TABLE `sku` (
  `SKU_ID` int(11) NOT NULL,
  `PRODUCT_ID` varchar(6) NOT NULL,
  `PRODUCT_SIZE` varchar(4) NOT NULL,
  `SKU_NUMBER` int(11) NOT NULL
) ENGINE=InnoDB DEFAULT CHARSET=utf8mb4;

--
-- テーブルのデータのダンプ `sku`
--

INSERT INTO `sku` (`SKU_ID`, `PRODUCT_ID`, `PRODUCT_SIZE`, `SKU_NUMBER`) VALUES
(1, '01BA', 'FREE', 5),
(2, '02BA', 'FREE', 5),
(3, '03BA', 'FREE', 10),
(4, '04BA', 'FREE', 4),
(5, '05BA', 'FREE', 5),
(6, '06BA', 'FREE', 4),
(7, '07BA', 'FREE', 5),
(8, '08BA', 'FREE', 5),
(9, '09BA', 'FREE', 5),
(10, '10BA', 'FREE', 5),
(11, '11BA', 'FREE', 5),
(12, '12BA', 'FREE', 5),
(13, '13BA', 'FREE', 5),
(14, '14BA', 'FREE', 5),
(15, '15BA', 'FREE', 5),
(16, '16BA', 'FREE', 5),
(17, '17BA', 'FREE', 5),
(18, '18BA', 'FREE', 5),
(19, '19BA', 'FREE', 5),
(20, '20BA', 'FREE', 5),
(21, '01CA', 'FREE', 5),
(22, '02CA', 'FREE', 5),
(23, '03CA', 'FREE', 5),
(24, '04CA', 'FREE', 5),
(25, '05CA', 'FREE', 5),
(26, '06CA', 'FREE', 5),
(27, '07CA', 'FREE', 5),
(28, '08CA', 'FREE', 5),
(29, '09CA', 'FREE', 5),
(30, '10CA', 'FREE', 5),
(31, '11CA', 'FREE', 5),
(32, '12CA', 'FREE', 5),
(33, '13CA', 'FREE', 5),
(34, '14CA', 'FREE', 5),
(35, '15CA', 'FREE', 5),
(36, '16CA', 'FREE', 5),
(37, '17CA', 'FREE', 5),
(38, '18CA', 'FREE', 5),
(39, '19CA', 'FREE', 5),
(40, '20CA', 'FREE', 5),
(41, '01MA', 'FREE', 5),
(42, '02MA', 'FREE', 5),
(43, '03MA', 'FREE', 5),
(44, '04MA', 'FREE', 5),
(45, '05MA', 'FREE', 5),
(46, '06MA', 'FREE', 5),
(47, '07MA', 'FREE', 5),
(48, '08MA', 'FREE', 5),
(49, '09MA', 'FREE', 5),
(50, '10MA', 'FREE', 5),
(51, '11MA', 'FREE', 5),
(52, '12MA', 'FREE', 5),
(53, '13MA', 'FREE', 5),
(54, '14MA', 'FREE', 5),
(55, '15MA', 'FREE', 5),
(56, '16MA', 'FREE', 5),
(57, '17MA', 'FREE', 5),
(58, '18MA', 'FREE', 5),
(59, '19MA', 'FREE', 5),
(60, '20MA', 'FREE', 5),
(61, '01CO', 'XS', 5),
(62, '02CO', 'XS', 5),
(63, '03CO', 'XS', 5),
(64, '04CO', 'XS', 5),
(65, '05CO', 'XS', 5),
(66, '06CO', 'XS', 5),
(67, '07CO', 'XS', 5),
(68, '08CO', 'XS', 5),
(69, '09CO', 'XS', 5),
(70, '10CO', 'XS', 5),
(71, '11CO', 'XS', 5),
(72, '12CO', 'XS', 5),
(73, '13CO', 'XS', 5),
(74, '14CO', 'XS', 5),
(75, '15CO', 'XS', 5),
(76, '16CO', 'XS', 5),
(77, '17CO', 'XS', 5),
(78, '18CO', 'XS', 5),
(79, '19CO', 'XS', 5),
(80, '20CO', 'XS', 5),
(81, '01CO', 'S', 5),
(82, '02CO', 'S', 5),
(83, '03CO', 'S', 5),
(84, '04CO', 'S', 5),
(85, '05CO', 'S', 5),
(86, '06CO', 'S', 5),
(87, '07CO', 'S', 5),
(88, '08CO', 'S', 5),
(89, '09CO', 'S', 5),
(90, '10CO', 'S', 5),
(91, '11CO', 'S', 5),
(92, '12CO', 'S', 5),
(93, '13CO', 'S', 5),
(94, '14CO', 'S', 5),
(95, '15CO', 'S', 5),
(96, '16CO', 'S', 5),
(97, '17CO', 'S', 5),
(98, '18CO', 'S', 5),
(99, '19CO', 'S', 5),
(100, '20CO', 'S', 5),
(101, '01CO', 'M', 5),
(102, '02CO', 'M', 5),
(103, '03CO', 'M', 5),
(104, '04CO', 'M', 5),
(105, '05CO', 'M', 5),
(106, '06CO', 'M', 5),
(107, '07CO', 'M', 5),
(108, '08CO', 'M', 5),
(109, '09CO', 'M', 5),
(110, '10CO', 'M', 5),
(111, '11CO', 'M', 5),
(112, '12CO', 'M', 5),
(113, '13CO', 'M', 5),
(114, '14CO', 'M', 5),
(115, '15CO', 'M', 5),
(116, '16CO', 'M', 5),
(117, '17CO', 'M', 5),
(118, '18CO', 'M', 5),
(119, '19CO', 'M', 5),
(120, '20CO', 'M', 5),
(121, '01CO', 'L', 5),
(122, '02CO', 'L', 5),
(123, '03CO', 'L', 5),
(124, '04CO', 'L', 5),
(125, '05CO', 'L', 5),
(126, '06CO', 'L', 5),
(127, '07CO', 'L', 5),
(128, '08CO', 'L', 5),
(129, '09CO', 'L', 5),
(130, '10CO', 'L', 5),
(131, '11CO', 'L', 5),
(132, '12CO', 'L', 5),
(133, '13CO', 'L', 5),
(134, '14CO', 'L', 5),
(135, '15CO', 'L', 5),
(136, '16CO', 'L', 5),
(137, '17CO', 'L', 5),
(138, '18CO', 'L', 5),
(139, '19CO', 'L', 5),
(140, '20CO', 'L', 5),
(141, '01CO', 'XL', 5),
(142, '02CO', 'XL', 5),
(143, '03CO', 'XL', 5),
(144, '04CO', 'XL', 5),
(145, '05CO', 'XL', 5),
(146, '06CO', 'XL', 5),
(147, '07CO', 'XL', 5),
(148, '08CO', 'XL', 5),
(149, '09CO', 'XL', 5),
(150, '10CO', 'XL', 5),
(151, '11CO', 'XL', 5),
(152, '12CO', 'XL', 5),
(153, '13CO', 'XL', 5),
(154, '14CO', 'XL', 5),
(155, '15CO', 'XL', 5),
(156, '16CO', 'XL', 5),
(157, '17CO', 'XL', 5),
(158, '18CO', 'XL', 5),
(159, '19CO', 'XL', 5),
(160, '20CO', 'XL', 5),
(161, '01DC', 'XS', 5),
(162, '02DC', 'XS', 5),
(163, '03DC', 'XS', 5),
(164, '04DC', 'XS', 5),
(165, '05DC', 'XS', 5),
(166, '06DC', 'XS', 5),
(167, '07DC', 'XS', 5),
(168, '08DC', 'XS', 5),
(169, '09DC', 'XS', 5),
(170, '10DC', 'XS', 5),
(171, '11DC', 'XS', 5),
(172, '12DC', 'XS', 5),
(173, '13DC', 'XS', 5),
(174, '14DC', 'XS', 5),
(175, '15DC', 'XS', 5),
(176, '16DC', 'XS', 5),
(177, '17DC', 'XS', 5),
(178, '18DC', 'XS', 5),
(179, '19DC', 'XS', 5),
(180, '20DC', 'XS', 5),
(181, '01DC', 'S', 5),
(182, '02DC', 'S', 5),
(183, '03DC', 'S', 5),
(184, '04DC', 'S', 5),
(185, '05DC', 'S', 5),
(186, '06DC', 'S', 5),
(187, '07DC', 'S', 5),
(188, '08DC', 'S', 5),
(189, '09DC', 'S', 5),
(190, '10DC', 'S', 5),
(191, '11DC', 'S', 5),
(192, '12DC', 'S', 5),
(193, '13DC', 'S', 5),
(194, '14DC', 'S', 5),
(195, '15DC', 'S', 5),
(196, '16DC', 'S', 5),
(197, '17DC', 'S', 5),
(198, '18DC', 'S', 5),
(199, '19DC', 'S', 5),
(200, '20DC', 'S', 5),
(201, '01DC', 'M', 5),
(202, '02DC', 'M', 5),
(203, '03DC', 'M', 5),
(204, '04DC', 'M', 5),
(205, '05DC', 'M', 5),
(206, '06DC', 'M', 5),
(207, '07DC', 'M', 5),
(208, '08DC', 'M', 5),
(209, '09DC', 'M', 5),
(210, '10DC', 'M', 5),
(211, '11DC', 'M', 5),
(212, '12DC', 'M', 5),
(213, '13DC', 'M', 5),
(214, '14DC', 'M', 5),
(215, '15DC', 'M', 5),
(216, '16DC', 'M', 5),
(217, '17DC', 'M', 5),
(218, '18DC', 'M', 5),
(219, '19DC', 'M', 5),
(220, '20DC', 'M', 5),
(221, '01DC', 'L', 5),
(222, '02DC', 'L', 5),
(223, '03DC', 'L', 5),
(224, '04DC', 'L', 5),
(225, '05DC', 'L', 5),
(226, '06DC', 'L', 5),
(227, '07DC', 'L', 5),
(228, '08DC', 'L', 5),
(229, '09DC', 'L', 5),
(230, '10DC', 'L', 5),
(231, '11DC', 'L', 5),
(232, '12DC', 'L', 5),
(233, '13DC', 'L', 5),
(234, '14DC', 'L', 5),
(235, '15DC', 'L', 5),
(236, '16DC', 'L', 5),
(237, '17DC', 'L', 5),
(238, '18DC', 'L', 5),
(239, '19DC', 'L', 5),
(240, '20DC', 'L', 5),
(241, '01DC', 'XL', 5),
(242, '02DC', 'XL', 5),
(243, '03DC', 'XL', 5),
(244, '04DC', 'XL', 5),
(245, '05DC', 'XL', 5),
(246, '06DC', 'XL', 5),
(247, '07DC', 'XL', 5),
(248, '08DC', 'XL', 5),
(249, '09DC', 'XL', 5),
(250, '10DC', 'XL', 5),
(251, '11DC', 'XL', 5),
(252, '12DC', 'XL', 5),
(253, '13DC', 'XL', 5),
(254, '14DC', 'XL', 5),
(255, '15DC', 'XL', 5),
(256, '16DC', 'XL', 5),
(257, '17DC', 'XL', 5),
(258, '18DC', 'XL', 5),
(259, '19DC', 'XL', 5),
(260, '20DC', 'XL', 5),
(261, '01HP', 'XS', 5),
(262, '02HP', 'XS', 5),
(263, '03HP', 'XS', 5),
(264, '04HP', 'XS', 5),
(265, '05HP', 'XS', 5),
(266, '06HP', 'XS', 5),
(267, '07HP', 'XS', 5),
(268, '08HP', 'XS', 5),
(269, '09HP', 'XS', 5),
(270, '10HP', 'XS', 5),
(271, '11HP', 'XS', 5),
(272, '12HP', 'XS', 5),
(273, '13HP', 'XS', 5),
(274, '14HP', 'XS', 5),
(275, '15HP', 'XS', 5),
(276, '16HP', 'XS', 5),
(277, '17HP', 'XS', 5),
(278, '18HP', 'XS', 5),
(279, '19HP', 'XS', 5),
(280, '20HP', 'XS', 5),
(281, '01HP', 'S', 5),
(282, '02HP', 'S', 5),
(283, '03HP', 'S', 5),
(284, '04HP', 'S', 5),
(285, '05HP', 'S', 5),
(286, '06HP', 'S', 5),
(287, '07HP', 'S', 5),
(288, '08HP', 'S', 5),
(289, '09HP', 'S', 5),
(290, '10HP', 'S', 5),
(291, '11HP', 'S', 5),
(292, '12HP', 'S', 5),
(293, '13HP', 'S', 5),
(294, '14HP', 'S', 5),
(295, '15HP', 'S', 5),
(296, '16HP', 'S', 5),
(297, '17HP', 'S', 5),
(298, '18HP', 'S', 5),
(299, '19HP', 'S', 5),
(300, '20HP', 'S', 5),
(301, '01HP', 'M', 5),
(302, '02HP', 'M', 5),
(303, '03HP', 'M', 5),
(304, '04HP', 'M', 5),
(305, '05HP', 'M', 5),
(306, '06HP', 'M', 5),
(307, '07HP', 'M', 5),
(308, '08HP', 'M', 5),
(309, '09HP', 'M', 5),
(310, '10HP', 'M', 5),
(311, '11HP', 'M', 5),
(312, '12HP', 'M', 5),
(313, '13HP', 'M', 5),
(314, '14HP', 'M', 5),
(315, '15HP', 'M', 5),
(316, '16HP', 'M', 5),
(317, '17HP', 'M', 5),
(318, '18HP', 'M', 5),
(319, '19HP', 'M', 5),
(320, '20HP', 'M', 5),
(321, '01HP', 'L', 5),
(322, '02HP', 'L', 5),
(323, '03HP', 'L', 5),
(324, '04HP', 'L', 5),
(325, '05HP', 'L', 5),
(326, '06HP', 'L', 5),
(327, '07HP', 'L', 5),
(328, '08HP', 'L', 5),
(329, '09HP', 'L', 5),
(330, '10HP', 'L', 5),
(331, '11HP', 'L', 5),
(332, '12HP', 'L', 5),
(333, '13HP', 'L', 5),
(334, '14HP', 'L', 5),
(335, '15HP', 'L', 5),
(336, '16HP', 'L', 5),
(337, '17HP', 'L', 5),
(338, '18HP', 'L', 5),
(339, '19HP', 'L', 5),
(340, '20HP', 'L', 5),
(341, '01HP', 'XL', 5),
(342, '02HP', 'XL', 5),
(343, '03HP', 'XL', 5),
(344, '04HP', 'XL', 5),
(345, '05HP', 'XL', 5),
(346, '06HP', 'XL', 5),
(347, '07HP', 'XL', 5),
(348, '08HP', 'XL', 5),
(349, '09HP', 'XL', 5),
(350, '10HP', 'XL', 5),
(351, '11HP', 'XL', 5),
(352, '12HP', 'XL', 5),
(353, '13HP', 'XL', 5),
(354, '14HP', 'XL', 5),
(355, '15HP', 'XL', 5),
(356, '16HP', 'XL', 5),
(357, '17HP', 'XL', 5),
(358, '18HP', 'XL', 5),
(359, '19HP', 'XL', 5),
(360, '20HP', 'XL', 5),
(361, '01JE', 'XS', 5),
(362, '02JE', 'XS', 5),
(363, '03JE', 'XS', 5),
(364, '04JE', 'XS', 5),
(365, '05JE', 'XS', 5),
(366, '06JE', 'XS', 5),
(367, '07JE', 'XS', 5),
(368, '08JE', 'XS', 5),
(369, '09JE', 'XS', 5),
(370, '10JE', 'XS', 5),
(371, '11JE', 'XS', 5),
(372, '12JE', 'XS', 5),
(373, '13JE', 'XS', 5),
(374, '14JE', 'XS', 5),
(375, '15JE', 'XS', 5),
(376, '16JE', 'XS', 5),
(377, '17JE', 'XS', 5),
(378, '18JE', 'XS', 5),
(379, '19JE', 'XS', 5),
(380, '20JE', 'XS', 5),
(381, '01JE', 'S', 5),
(382, '02JE', 'S', 5),
(383, '03JE', 'S', 5),
(384, '04JE', 'S', 5),
(385, '05JE', 'S', 5),
(386, '06JE', 'S', 5),
(387, '07JE', 'S', 5),
(388, '08JE', 'S', 5),
(389, '09JE', 'S', 5),
(390, '10JE', 'S', 5),
(391, '11JE', 'S', 5),
(392, '12JE', 'S', 5),
(393, '13JE', 'S', 5),
(394, '14JE', 'S', 5),
(395, '15JE', 'S', 5),
(396, '16JE', 'S', 5),
(397, '17JE', 'S', 5),
(398, '18JE', 'S', 5),
(399, '19JE', 'S', 5),
(400, '20JE', 'S', 5),
(401, '01JE', 'M', 5),
(402, '02JE', 'M', 5),
(403, '03JE', 'M', 5),
(404, '04JE', 'M', 5),
(405, '05JE', 'M', 5),
(406, '06JE', 'M', 5),
(407, '07JE', 'M', 5),
(408, '08JE', 'M', 5),
(409, '09JE', 'M', 5),
(410, '10JE', 'M', 5),
(411, '11JE', 'M', 5),
(412, '12JE', 'M', 5),
(413, '13JE', 'M', 5),
(414, '14JE', 'M', 5),
(415, '15JE', 'M', 5),
(416, '16JE', 'M', 5),
(417, '17JE', 'M', 5),
(418, '18JE', 'M', 5),
(419, '19JE', 'M', 5),
(420, '20JE', 'M', 5),
(421, '01JE', 'L', 5),
(422, '02JE', 'L', 5),
(423, '03JE', 'L', 5),
(424, '04JE', 'L', 5),
(425, '05JE', 'L', 5),
(426, '06JE', 'L', 5),
(427, '07JE', 'L', 5),
(428, '08JE', 'L', 5),
(429, '09JE', 'L', 5),
(430, '10JE', 'L', 5),
(431, '11JE', 'L', 5),
(432, '12JE', 'L', 5),
(433, '13JE', 'L', 5),
(434, '14JE', 'L', 5),
(435, '15JE', 'L', 5),
(436, '16JE', 'L', 5),
(437, '17JE', 'L', 5),
(438, '18JE', 'L', 5),
(439, '19JE', 'L', 5),
(440, '20JE', 'L', 5),
(441, '01JE', 'XL', 5),
(442, '02JE', 'XL', 5),
(443, '03JE', 'XL', 5),
(444, '04JE', 'XL', 5),
(445, '05JE', 'XL', 5),
(446, '06JE', 'XL', 5),
(447, '07JE', 'XL', 5),
(448, '08JE', 'XL', 5),
(449, '09JE', 'XL', 5),
(450, '10JE', 'XL', 5),
(451, '11JE', 'XL', 5),
(452, '12JE', 'XL', 5),
(453, '13JE', 'XL', 5),
(454, '14JE', 'XL', 5),
(455, '15JE', 'XL', 5),
(456, '16JE', 'XL', 5),
(457, '17JE', 'XL', 5),
(458, '18JE', 'XL', 5),
(459, '19JE', 'XL', 5),
(460, '20JE', 'XL', 5),
(461, '01KN', 'XS', 5),
(462, '02KN', 'XS', 5),
(463, '03KN', 'XS', 5),
(464, '04KN', 'XS', 5),
(465, '05KN', 'XS', 5),
(466, '06KN', 'XS', 5),
(467, '07KN', 'XS', 5),
(468, '08KN', 'XS', 5),
(469, '09KN', 'XS', 5),
(470, '10KN', 'XS', 5),
(471, '11KN', 'XS', 5),
(472, '12KN', 'XS', 5),
(473, '13KN', 'XS', 5),
(474, '14KN', 'XS', 5),
(475, '15KN', 'XS', 5),
(476, '16KN', 'XS', 5),
(477, '17KN', 'XS', 5),
(478, '18KN', 'XS', 5),
(479, '19KN', 'XS', 5),
(480, '20KN', 'XS', 5),
(481, '01KN', 'S', 5),
(482, '02KN', 'S', 5),
(483, '03KN', 'S', 5),
(484, '04KN', 'S', 5),
(485, '05KN', 'S', 5),
(486, '06KN', 'S', 5),
(487, '07KN', 'S', 5),
(488, '08KN', 'S', 5),
(489, '09KN', 'S', 5),
(490, '10KN', 'S', 5),
(491, '11KN', 'S', 5),
(492, '12KN', 'S', 5),
(493, '13KN', 'S', 5),
(494, '14KN', 'S', 5),
(495, '15KN', 'S', 5),
(496, '16KN', 'S', 5),
(497, '17KN', 'S', 5),
(498, '18KN', 'S', 5),
(499, '19KN', 'S', 5),
(500, '20KN', 'S', 5),
(501, '01KN', 'M', 5),
(502, '02KN', 'M', 5),
(503, '03KN', 'M', 5),
(504, '04KN', 'M', 5),
(505, '05KN', 'M', 5),
(506, '06KN', 'M', 5),
(507, '07KN', 'M', 5),
(508, '08KN', 'M', 5),
(509, '09KN', 'M', 5),
(510, '10KN', 'M', 5),
(511, '11KN', 'M', 5),
(512, '12KN', 'M', 5),
(513, '13KN', 'M', 5),
(514, '14KN', 'M', 5),
(515, '15KN', 'M', 5),
(516, '16KN', 'M', 5),
(517, '17KN', 'M', 5),
(518, '18KN', 'M', 5),
(519, '19KN', 'M', 5),
(520, '20KN', 'M', 5),
(521, '01KN', 'L', 5),
(522, '02KN', 'L', 5),
(523, '03KN', 'L', 5),
(524, '04KN', 'L', 5),
(525, '05KN', 'L', 5),
(526, '06KN', 'L', 5),
(527, '07KN', 'L', 5),
(528, '08KN', 'L', 5),
(529, '09KN', 'L', 5),
(530, '10KN', 'L', 5),
(531, '11KN', 'L', 5),
(532, '12KN', 'L', 5),
(533, '13KN', 'L', 5),
(534, '14KN', 'L', 5),
(535, '15KN', 'L', 5),
(536, '16KN', 'L', 5),
(537, '17KN', 'L', 5),
(538, '18KN', 'L', 5),
(539, '19KN', 'L', 5),
(540, '20KN', 'L', 5),
(541, '01KN', 'XL', 5),
(542, '02KN', 'XL', 5),
(543, '03KN', 'XL', 5),
(544, '04KN', 'XL', 5),
(545, '05KN', 'XL', 5),
(546, '06KN', 'XL', 5),
(547, '07KN', 'XL', 5),
(548, '08KN', 'XL', 5),
(549, '09KN', 'XL', 5),
(550, '10KN', 'XL', 5),
(551, '11KN', 'XL', 5),
(552, '12KN', 'XL', 5),
(553, '13KN', 'XL', 5),
(554, '14KN', 'XL', 5),
(555, '15KN', 'XL', 5),
(556, '16KN', 'XL', 5),
(557, '17KN', 'XL', 5),
(558, '18KN', 'XL', 5),
(559, '19KN', 'XL', 5),
(560, '20KN', 'XL', 5),
(561, '01SW', 'XS', 5),
(562, '02SW', 'XS', 5),
(563, '03SW', 'XS', 5),
(564, '04SW', 'XS', 5),
(565, '05SW', 'XS', 5),
(566, '06SW', 'XS', 5),
(567, '07SW', 'XS', 5),
(568, '08SW', 'XS', 5),
(569, '09SW', 'XS', 5),
(570, '10SW', 'XS', 5),
(571, '11SW', 'XS', 5),
(572, '12SW', 'XS', 5),
(573, '13SW', 'XS', 5),
(574, '14SW', 'XS', 5),
(575, '15SW', 'XS', 5),
(576, '16SW', 'XS', 5),
(577, '17SW', 'XS', 5),
(578, '18SW', 'XS', 5),
(579, '19SW', 'XS', 5),
(580, '20SW', 'XS', 5),
(581, '01SW', 'S', 5),
(582, '02SW', 'S', 5),
(583, '03SW', 'S', 5),
(584, '04SW', 'S', 5),
(585, '05SW', 'S', 5),
(586, '06SW', 'S', 5),
(587, '07SW', 'S', 5),
(588, '08SW', 'S', 5),
(589, '09SW', 'S', 5),
(590, '10SW', 'S', 5),
(591, '11SW', 'S', 5),
(592, '12SW', 'S', 5),
(593, '13SW', 'S', 5),
(594, '14SW', 'S', 5),
(595, '15SW', 'S', 5),
(596, '16SW', 'S', 5),
(597, '17SW', 'S', 5),
(598, '18SW', 'S', 5),
(599, '19SW', 'S', 5),
(600, '20SW', 'S', 5),
(601, '01SW', 'M', 5),
(602, '02SW', 'M', 5),
(603, '03SW', 'M', 5),
(604, '04SW', 'M', 5),
(605, '05SW', 'M', 5),
(606, '06SW', 'M', 5),
(607, '07SW', 'M', 5),
(608, '08SW', 'M', 5),
(609, '09SW', 'M', 5),
(610, '10SW', 'M', 5),
(611, '11SW', 'M', 5),
(612, '12SW', 'M', 5),
(613, '13SW', 'M', 5),
(614, '14SW', 'M', 5),
(615, '15SW', 'M', 5),
(616, '16SW', 'M', 5),
(617, '17SW', 'M', 5),
(618, '18SW', 'M', 5),
(619, '19SW', 'M', 5),
(620, '20SW', 'M', 5),
(621, '01SW', 'L', 5),
(622, '02SW', 'L', 5),
(623, '03SW', 'L', 5),
(624, '04SW', 'L', 5),
(625, '05SW', 'L', 5),
(626, '06SW', 'L', 5),
(627, '07SW', 'L', 5),
(628, '08SW', 'L', 5),
(629, '09SW', 'L', 5),
(630, '10SW', 'L', 5),
(631, '11SW', 'L', 5),
(632, '12SW', 'L', 5),
(633, '13SW', 'L', 5),
(634, '14SW', 'L', 5),
(635, '15SW', 'L', 5),
(636, '16SW', 'L', 5),
(637, '17SW', 'L', 5),
(638, '18SW', 'L', 5),
(639, '19SW', 'L', 5),
(640, '20SW', 'L', 5),
(641, '01SW', 'XL', 5),
(642, '02SW', 'XL', 5),
(643, '03SW', 'XL', 5),
(644, '04SW', 'XL', 5),
(645, '05SW', 'XL', 5),
(646, '06SW', 'XL', 5),
(647, '07SW', 'XL', 5),
(648, '08SW', 'XL', 5),
(649, '09SW', 'XL', 5),
(650, '10SW', 'XL', 5),
(651, '11SW', 'XL', 5),
(652, '12SW', 'XL', 5),
(653, '13SW', 'XL', 5),
(654, '14SW', 'XL', 5),
(655, '15SW', 'XL', 5),
(656, '16SW', 'XL', 5),
(657, '17SW', 'XL', 5),
(658, '18SW', 'XL', 5),
(659, '19SW', 'XL', 5),
(660, '20SW', 'XL', 5),
(661, '01TS', 'XS', 5),
(662, '02TS', 'XS', 5),
(663, '03TS', 'XS', 5),
(664, '04TS', 'XS', 5),
(665, '05TS', 'XS', 5),
(666, '06TS', 'XS', 5),
(667, '07TS', 'XS', 5),
(668, '08TS', 'XS', 5),
(669, '09TS', 'XS', 5),
(670, '10TS', 'XS', 5),
(671, '11TS', 'XS', 5),
(672, '12TS', 'XS', 5),
(673, '13TS', 'XS', 5),
(674, '14TS', 'XS', 5),
(675, '15TS', 'XS', 5),
(676, '16TS', 'XS', 5),
(677, '17TS', 'XS', 5),
(678, '18TS', 'XS', 5),
(679, '19TS', 'XS', 5),
(680, '20TS', 'XS', 5),
(681, '01TS', 'S', 5),
(682, '02TS', 'S', 5),
(683, '03TS', 'S', 5),
(684, '04TS', 'S', 5),
(685, '05TS', 'S', 5),
(686, '06TS', 'S', 5),
(687, '07TS', 'S', 5),
(688, '08TS', 'S', 5),
(689, '09TS', 'S', 5),
(690, '10TS', 'S', 5),
(691, '11TS', 'S', 5),
(692, '12TS', 'S', 5),
(693, '13TS', 'S', 5),
(694, '14TS', 'S', 5),
(695, '15TS', 'S', 5),
(696, '16TS', 'S', 5),
(697, '17TS', 'S', 5),
(698, '18TS', 'S', 5),
(699, '19TS', 'S', 5),
(700, '20TS', 'S', 5),
(701, '01TS', 'M', 5),
(702, '02TS', 'M', 5),
(703, '03TS', 'M', 5),
(704, '04TS', 'M', 5),
(705, '05TS', 'M', 5),
(706, '06TS', 'M', 5),
(707, '07TS', 'M', 5),
(708, '08TS', 'M', 5),
(709, '09TS', 'M', 5),
(710, '10TS', 'M', 5),
(711, '11TS', 'M', 5),
(712, '12TS', 'M', 5),
(713, '13TS', 'M', 5),
(714, '14TS', 'M', 5),
(715, '15TS', 'M', 5),
(716, '16TS', 'M', 5),
(717, '17TS', 'M', 5),
(718, '18TS', 'M', 5),
(719, '19TS', 'M', 5),
(720, '20TS', 'M', 5),
(721, '01TS', 'L', 5),
(722, '02TS', 'L', 5),
(723, '03TS', 'L', 5),
(724, '04TS', 'L', 5),
(725, '05TS', 'L', 5),
(726, '06TS', 'L', 5),
(727, '07TS', 'L', 5),
(728, '08TS', 'L', 5),
(729, '09TS', 'L', 5),
(730, '10TS', 'L', 5),
(731, '11TS', 'L', 5),
(732, '12TS', 'L', 5),
(733, '13TS', 'L', 5),
(734, '14TS', 'L', 5),
(735, '15TS', 'L', 5),
(736, '16TS', 'L', 5),
(737, '17TS', 'L', 5),
(738, '18TS', 'L', 5),
(739, '19TS', 'L', 5),
(740, '20TS', 'L', 5),
(741, '01TS', 'XL', 5),
(742, '02TS', 'XL', 5),
(743, '03TS', 'XL', 5),
(744, '04TS', 'XL', 5),
(745, '05TS', 'XL', 5),
(746, '06TS', 'XL', 5),
(747, '07TS', 'XL', 5),
(748, '08TS', 'XL', 5),
(749, '09TS', 'XL', 5),
(750, '10TS', 'XL', 5),
(751, '11TS', 'XL', 5),
(752, '12TS', 'XL', 5),
(753, '13TS', 'XL', 5),
(754, '14TS', 'XL', 5),
(755, '15TS', 'XL', 5),
(756, '16TS', 'XL', 5),
(757, '17TS', 'XL', 5),
(758, '18TS', 'XL', 5),
(759, '19TS', 'XL', 5),
(760, '20TS', 'XL', 5),
(764, '01BA', 'XS', 0),
(766, '01BA', 'S', 0),
(767, '01BA', 'M', 0),
(768, '01BA', 'L', 0),
(769, '01BA', 'XL', 0),
(770, '01CA', 'S', 0),
(771, '01CA', 'XS', 0),
(772, '01CA', 'M', 0),
(773, '01CA', 'L', 0),
(774, '01CA', 'XL', 0),
(775, '01CO', 'FREE', 0),
(776, '01DC', 'FREE', 0),
(777, '01HP', 'FREE', 0),
(778, '01JE', 'FREE', 0),
(779, '01KN', 'FREE', 0),
(780, '01MA', 'XS', 0),
(781, '01MA', 'S', 0),
(782, '01MA', 'M', 0),
(783, '01MA', 'L', 0),
(784, '01MA', 'XL', 0),
(785, '01SW', 'FREE', 0),
(786, '01TS', 'FREE', 0),
(787, '02BA', 'S', 0),
(788, '02BA', 'XS', 0),
(789, '02BA', 'M', 0),
(790, '02BA', 'L', 0),
(791, '02BA', 'XL', 0),
(792, '02CA', 'XS', 0),
(793, '02CA', 'S', 0),
(794, '02CA', 'M', 0),
(795, '02CA', 'L', 0),
(796, '02CA', 'XL', 0),
(797, '02CO', 'FREE', 0),
(798, '02DC', 'FREE', 0),
(799, '02HP', 'FREE', 0),
(800, '02JE', 'FREE', 0),
(801, '02KN', 'FREE', 0),
(802, '02MA', 'XS', 0),
(803, '02MA', 'S', 0),
(804, '02MA', 'M', 0),
(805, '02MA', 'L', 0),
(806, '02MA', 'XL', 0),
(807, '02SW', 'FREE', 0),
(808, '02TS', 'FREE', 0),
(809, '03BA', 'XS', 0),
(810, '03BA', 'S', 0),
(811, '03BA', 'M', 0),
(812, '03BA', 'L', 0),
(813, '03BA', 'XL', 0),
(814, '03CA', 'XS', 0),
(815, '03CA', 'S', 0),
(816, '03CA', 'M', 0),
(817, '03CA', 'L', 0),
(818, '03CA', 'XL', 0),
(819, '03CO', 'FREE', 0),
(820, '03DC', 'FREE', 0),
(821, '03HP', 'FREE', 0),
(822, '03JE', 'FREE', 0),
(823, '03KN', 'FREE', 0),
(824, '03MA', 'XS', 0),
(825, '03MA', 'S', 0),
(826, '03MA', 'M', 0),
(827, '03MA', 'L', 0),
(828, '03MA', 'XL', 0),
(829, '03SW', 'FREE', 0),
(830, '03TS', 'FREE', 0),
(831, '04BA', 'XS', 0),
(832, '04BA', 'S', 0),
(833, '04BA', 'M', 0),
(834, '04BA', 'L', 0),
(835, '04BA', 'XL', 0),
(836, '04CA', 'XS', 0),
(837, '04CA', 'S', 0),
(838, '04CA', 'M', 0),
(839, '04CA', 'L', 0),
(840, '04CA', 'XL', 0),
(841, '04CO', 'FREE', 0),
(842, '04DC', 'FREE', 0),
(843, '04HP', 'FREE', 0),
(844, '04JE', 'FREE', 0),
(845, '04KN', 'FREE', 0),
(846, '04MA', 'XS', 0),
(847, '04MA', 'S', 0),
(848, '04MA', 'M', 0),
(849, '04MA', 'L', 0),
(850, '04MA', 'XL', 0),
(851, '04SW', 'FREE', 0),
(852, '04TS', 'FREE', 0),
(853, '05BA', 'XS', 0),
(854, '05BA', 'S', 0),
(855, '05BA', 'M', 0),
(856, '05BA', 'L', 0),
(857, '05BA', 'XL', 0),
(858, '05CA', 'XS', 0),
(859, '05CA', 'S', 0),
(860, '05CA', 'M', 0),
(861, '05CA', 'L', 0),
(862, '05CA', 'XL', 0),
(863, '05CO', 'FREE', 0),
(864, '05DC', 'FREE', 0),
(865, '05HP', 'FREE', 0),
(866, '05JE', 'FREE', 0),
(867, '05KN', 'FREE', 0),
(868, '05MA', 'XS', 0),
(869, '05MA', 'S', 0),
(870, '05MA', 'M', 0),
(871, '05MA', 'L', 0),
(872, '05MA', 'XL', 0),
(873, '05SW', 'FREE', 0),
(874, '05TS', 'FREE', 0),
(875, '06BA', 'XS', 0),
(876, '06BA', 'S', 0),
(877, '06BA', 'M', 0),
(878, '06BA', 'L', 0),
(879, '06BA', 'XL', 0),
(880, '06CA', 'XS', 0),
(881, '06CA', 'S', 0),
(882, '06CA', 'M', 0),
(883, '06CA', 'L', 0),
(884, '06CA', 'XL', 0),
(885, '06CO', 'FREE', 0),
(886, '06DC', 'FREE', 0),
(887, '06HP', 'FREE', 0),
(888, '06JE', 'FREE', 0),
(889, '06KN', 'FREE', 0),
(890, '06MA', 'XS', 0),
(891, '06MA', 'S', 0),
(892, '06MA', 'M', 0),
(893, '06MA', 'L', 0),
(894, '06MA', 'XL', 0),
(895, '06SW', 'FREE', 0),
(896, '06TS', 'FREE', 0),
(897, '07BA', 'XS', 0),
(898, '07BA', 'S', 0),
(899, '07BA', 'M', 0),
(900, '07BA', 'L', 0),
(901, '07BA', 'XL', 0),
(902, '07CA', 'XS', 0),
(903, '07CA', 'S', 0),
(904, '07CA', 'M', 0),
(905, '07CA', 'L', 0),
(906, '07CA', 'XL', 0),
(907, '07CO', 'FREE', 0),
(908, '07DC', 'FREE', 0),
(909, '07HP', 'FREE', 0),
(910, '07JE', 'FREE', 0),
(911, '07KN', 'FREE', 0),
(912, '07MA', 'XS', 0),
(913, '07MA', 'S', 0),
(914, '07MA', 'M', 0),
(915, '07MA', 'L', 0),
(916, '07MA', 'XL', 0),
(917, '07SW', 'FREE', 0),
(918, '07TS', 'FREE', 0),
(919, '08BA', 'XS', 0),
(920, '08BA', 'S', 0),
(921, '08BA', 'M', 0),
(922, '08BA', 'L', 0),
(923, '08BA', 'XL', 0),
(924, '08CA', 'XS', 0),
(925, '08CA', 'S', 0),
(926, '08CA', 'M', 0),
(927, '08CA', 'L', 0),
(928, '08CA', 'XL', 0),
(929, '08CO', 'FREE', 0),
(930, '08DC', 'FREE', 0),
(931, '08HP', 'FREE', 0),
(932, '08JE', 'FREE', 0),
(933, '08KN', 'FREE', 0),
(934, '08MA', 'XS', 0),
(935, '08MA', 'S', 0),
(936, '08MA', 'M', 0),
(937, '08MA', 'L', 0),
(938, '08MA', 'XL', 0),
(939, '08SW', 'FREE', 0),
(940, '08TS', 'FREE', 0),
(941, '09BA', 'XS', 0),
(942, '09BA', 'S', 0),
(943, '09BA', 'M', 0),
(944, '09BA', 'L', 0),
(945, '09BA', 'XL', 0),
(946, '09CA', 'XS', 0),
(947, '09CA', 'S', 0),
(948, '09CA', 'M', 0),
(949, '09CA', 'L', 0),
(950, '09CA', 'XL', 0),
(951, '09CO', 'FREE', 0),
(952, '09DC', 'FREE', 0),
(953, '09HP', 'FREE', 0),
(954, '09JE', 'FREE', 0),
(955, '09KN', 'FREE', 0),
(956, '09MA', 'XS', 0),
(957, '09MA', 'S', 0),
(958, '09MA', 'M', 0),
(959, '09MA', 'L', 0),
(960, '09MA', 'XL', 0),
(961, '09SW', 'FREE', 0),
(962, '09TS', 'FREE', 0),
(963, '10BA', 'XS', 0),
(964, '10BA', 'S', 0),
(965, '10BA', 'M', 0),
(966, '10BA', 'L', 0),
(967, '10BA', 'XL', 0),
(968, '10CA', 'XS', 0),
(969, '10CA', 'S', 0),
(970, '10CA', 'M', 0),
(971, '10CA', 'L', 0),
(972, '10CA', 'XL', 0),
(973, '10CO', 'FREE', 0),
(974, '10DC', 'FREE', 0),
(975, '10HP', 'FREE', 0),
(976, '10JE', 'FREE', 0),
(977, '10KN', 'FREE', 0),
(978, '10MA', 'XS', 0),
(979, '10MA', 'S', 0),
(980, '10MA', 'M', 0),
(981, '10MA', 'L', 0),
(982, '10MA', 'XL', 0),
(983, '10SW', 'FREE', 0),
(984, '10TS', 'FREE', 0),
(985, '11BA', 'XS', 0),
(986, '11BA', 'S', 0),
(987, '11BA', 'M', 0),
(988, '11BA', 'L', 0),
(989, '11BA', 'XL', 0),
(990, '11CA', 'XS', 0),
(991, '11CA', 'S', 0),
(992, '11CA', 'M', 0),
(993, '11CA', 'L', 0),
(994, '11CA', 'XL', 0),
(995, '11CO', 'FREE', 0),
(996, '11DC', 'FREE', 0),
(997, '11HP', 'FREE', 0),
(998, '11JE', 'FREE', 0),
(999, '11KN', 'FREE', 0),
(1000, '11MA', 'XS', 0),
(1001, '11MA', 'S', 0),
(1002, '11MA', 'M', 0),
(1003, '11MA', 'L', 0),
(1004, '11MA', 'XL', 0),
(1005, '11SW', 'FREE', 0),
(1006, '11TS', 'FREE', 0),
(1007, '12BA', 'XS', 0),
(1008, '12BA', 'S', 0),
(1009, '12BA', 'M', 0),
(1010, '12BA', 'L', 0),
(1011, '12BA', 'XL', 0),
(1012, '12CA', 'XS', 0),
(1013, '12CA', 'S', 0),
(1014, '12CA', 'M', 0),
(1015, '12CA', 'L', 0),
(1016, '12CA', 'XL', 0),
(1017, '12CO', 'FREE', 0),
(1018, '12DC', 'FREE', 0),
(1019, '12HP', 'FREE', 0),
(1020, '12JE', 'FREE', 0),
(1021, '12KN', 'FREE', 0),
(1022, '12MA', 'XS', 0),
(1023, '12MA', 'S', 0),
(1024, '12MA', 'M', 0),
(1025, '12MA', 'L', 0),
(1026, '12MA', 'XL', 0),
(1027, '12SW', 'FREE', 0),
(1028, '12TS', 'FREE', 0),
(1029, '13BA', 'XS', 0),
(1030, '13BA', 'S', 0),
(1031, '13BA', 'M', 0),
(1032, '13BA', 'L', 0),
(1033, '13BA', 'XL', 0),
(1034, '13CA', 'XS', 0),
(1035, '13CA', 'S', 0),
(1036, '13CA', 'M', 0),
(1037, '13CA', 'L', 0),
(1038, '13CA', 'XL', 0),
(1039, '13CO', 'FREE', 0),
(1040, '13DC', 'FREE', 0),
(1041, '13HP', 'FREE', 0),
(1042, '13JE', 'FREE', 0),
(1043, '13KN', 'FREE', 0),
(1044, '13MA', 'XS', 0),
(1045, '13MA', 'S', 0),
(1046, '13MA', 'M', 0),
(1047, '13MA', 'L', 0),
(1048, '13MA', 'XL', 0),
(1049, '13SW', 'FREE', 0),
(1050, '13TS', 'FREE', 0),
(1051, '14BA', 'XS', 0),
(1052, '14BA', 'S', 0),
(1053, '14BA', 'M', 0),
(1054, '14BA', 'L', 0),
(1055, '14BA', 'XL', 0),
(1056, '14CA', 'XS', 0),
(1057, '14CA', 'S', 0),
(1058, '14CA', 'M', 0),
(1059, '14CA', 'L', 0),
(1060, '14CA', 'XL', 0),
(1061, '14CO', 'FREE', 0),
(1062, '14DC', 'FREE', 0),
(1063, '14HP', 'FREE', 0),
(1064, '14JE', 'FREE', 0),
(1065, '14KN', 'FREE', 0),
(1066, '14MA', 'XS', 0),
(1067, '14MA', 'S', 0),
(1068, '14MA', 'M', 0),
(1069, '14MA', 'L', 0),
(1070, '14MA', 'XL', 0),
(1071, '14SW', 'FREE', 0),
(1072, '14TS', 'FREE', 0),
(1073, '15BA', 'XS', 0),
(1074, '15BA', 'S', 0),
(1075, '15BA', 'M', 0),
(1076, '15BA', 'L', 0),
(1077, '15BA', 'XL', 0),
(1078, '15CA', 'XS', 0),
(1079, '15CA', 'S', 0),
(1080, '15CA', 'M', 0),
(1081, '15CA', 'L', 0),
(1082, '15CA', 'XL', 0),
(1083, '15CO', 'FREE', 0),
(1084, '15DC', 'FREE', 0),
(1085, '15HP', 'FREE', 0),
(1086, '15JE', 'FREE', 0),
(1087, '15KN', 'FREE', 0),
(1088, '15MA', 'XS', 0),
(1089, '15MA', 'S', 0),
(1090, '15MA', 'M', 0),
(1091, '15MA', 'L', 0),
(1092, '15MA', 'XL', 0),
(1093, '15SW', 'FREE', 0),
(1094, '15TS', 'FREE', 0),
(1095, '16BA', 'XS', 0),
(1096, '16BA', 'S', 0),
(1097, '16BA', 'M', 0),
(1098, '16BA', 'L', 0),
(1099, '16BA', 'XL', 0),
(1100, '16CA', 'XS', 0),
(1101, '16CA', 'S', 0),
(1102, '16CA', 'M', 0),
(1103, '16CA', 'L', 0),
(1104, '16CA', 'XL', 0),
(1105, '16CO', 'FREE', 0),
(1106, '16DC', 'FREE', 0),
(1107, '16HP', 'FREE', 0),
(1108, '16JE', 'FREE', 0),
(1109, '16KN', 'FREE', 0),
(1110, '16MA', 'XS', 0),
(1111, '16MA', 'S', 0),
(1112, '16MA', 'M', 0),
(1113, '16MA', 'L', 0),
(1114, '16MA', 'XL', 0),
(1115, '16SW', 'FREE', 0),
(1116, '16TS', 'FREE', 0),
(1117, '17BA', 'XS', 0),
(1118, '17BA', 'S', 0),
(1119, '17BA', 'M', 0),
(1120, '17BA', 'L', 0),
(1121, '17BA', 'XL', 0),
(1122, '17CA', 'XS', 0),
(1123, '17CA', 'S', 0),
(1124, '17CA', 'M', 0),
(1125, '17CA', 'L', 0),
(1126, '17CA', 'XL', 0),
(1127, '17CO', 'FREE', 0),
(1128, '17DC', 'FREE', 0),
(1129, '17HP', 'FREE', 0),
(1130, '17JE', 'FREE', 0),
(1131, '17KN', 'FREE', 0),
(1132, '17MA', 'XS', 0),
(1133, '17MA', 'S', 0),
(1134, '17MA', 'M', 0),
(1135, '17MA', 'L', 0),
(1136, '17MA', 'XL', 0),
(1137, '17SW', 'FREE', 0),
(1138, '17TS', 'FREE', 0),
(1139, '18BA', 'XS', 0),
(1140, '18BA', 'S', 0),
(1141, '18BA', 'M', 0),
(1142, '18BA', 'L', 0),
(1143, '18BA', 'XL', 0),
(1144, '18CA', 'XS', 0),
(1145, '18CA', 'S', 0),
(1146, '18CA', 'M', 0),
(1147, '18CA', 'L', 0),
(1148, '18CA', 'XL', 0),
(1149, '18CO', 'FREE', 0),
(1150, '18DC', 'FREE', 0),
(1151, '18HP', 'FREE', 0),
(1152, '18JE', 'FREE', 0),
(1153, '18KN', 'FREE', 0),
(1154, '18MA', 'XS', 0),
(1155, '18MA', 'S', 0),
(1156, '18MA', 'M', 0),
(1157, '18MA', 'L', 0),
(1158, '18MA', 'XL', 0),
(1159, '18SW', 'FREE', 0),
(1160, '18TS', 'FREE', 0),
(1161, '19BA', 'XS', 0),
(1162, '19BA', 'S', 0),
(1163, '19BA', 'M', 0),
(1164, '19BA', 'L', 0),
(1165, '19BA', 'XL', 0),
(1166, '19CA', 'XS', 0),
(1167, '19CA', 'S', 0),
(1168, '19CA', 'M', 0),
(1169, '19CA', 'L', 0),
(1170, '19CA', 'XL', 0),
(1171, '19CO', 'FREE', 0),
(1172, '19DC', 'FREE', 0),
(1173, '19HP', 'FREE', 0),
(1174, '19JE', 'FREE', 0),
(1175, '19KN', 'FREE', 0),
(1176, '19MA', 'XS', 0),
(1177, '19MA', 'S', 0),
(1178, '19MA', 'M', 0),
(1179, '19MA', 'L', 0),
(1180, '19MA', 'XL', 0),
(1181, '19SW', 'FREE', 0),
(1182, '19TS', 'FREE', 0),
(1183, '20BA', 'XS', 0),
(1184, '20BA', 'S', 0),
(1185, '20BA', 'M', 0),
(1186, '20BA', 'L', 0),
(1187, '20BA', 'XL', 0),
(1188, '20CA', 'XS', 0),
(1189, '20CA', 'S', 0),
(1190, '20CA', 'M', 0),
(1191, '20CA', 'L', 0),
(1192, '20CA', 'XL', 0),
(1193, '20CO', 'FREE', 0),
(1194, '20DC', 'FREE', 0),
(1195, '20HP', 'FREE', 0),
(1196, '20JE', 'FREE', 0),
(1197, '20KN', 'FREE', 0),
(1198, '20MA', 'XS', 0),
(1199, '20MA', 'S', 0),
(1200, '20MA', 'M', 0),
(1201, '20MA', 'L', 0),
(1202, '20MA', 'XL', 0),
(1203, '20SW', 'FREE', 0),
(1204, '20TS', 'FREE', 0);

-- --------------------------------------------------------

--
-- テーブルの構造 `user`
--

CREATE TABLE `user` (
  `USER_ID` int(11) NOT NULL,
  `USER_NAME` varchar(20) NOT NULL,
  `EMAIL` varchar(50) NOT NULL,
  `PASS` varchar(10) NOT NULL,
  `ADRESS` varchar(50) NOT NULL,
  `TEL` varchar(15) NOT NULL,
  `CARD` char(16) NOT NULL
) ENGINE=InnoDB DEFAULT CHARSET=utf8mb4;

--
-- テーブルのデータのダンプ `user`
--

INSERT INTO `user` (`USER_ID`, `USER_NAME`, `EMAIL`, `PASS`, `ADRESS`, `TEL`, `CARD`) VALUES
(1, '安田伶哉(本物)', 'yasuda@gmail.com', '1234', '岐阜市', '09012345678', '1234123412341234');

--
-- ダンプしたテーブルのインデックス
--

--
-- テーブルのインデックス `admin`
--
ALTER TABLE `admin`
  ADD PRIMARY KEY (`ADMIN_ID`);

--
-- テーブルのインデックス `cart`
--
ALTER TABLE `cart`
  ADD PRIMARY KEY (`CART_ID`);

--
-- テーブルのインデックス `category`
--
ALTER TABLE `category`
  ADD PRIMARY KEY (`CATEGORY_ID`);

--
-- テーブルのインデックス `order`
--
ALTER TABLE `order`
  ADD PRIMARY KEY (`ORDER_ID`);

--
-- テーブルのインデックス `product`
--
ALTER TABLE `product`
  ADD PRIMARY KEY (`PRODUCT_ID`);

--
-- テーブルのインデックス `sku`
--
ALTER TABLE `sku`
  ADD PRIMARY KEY (`SKU_ID`);

--
-- テーブルのインデックス `user`
--
ALTER TABLE `user`
  ADD PRIMARY KEY (`USER_ID`);

--
-- ダンプしたテーブルの AUTO_INCREMENT
--

--
-- テーブルの AUTO_INCREMENT `admin`
--
ALTER TABLE `admin`
  MODIFY `ADMIN_ID` int(11) NOT NULL AUTO_INCREMENT, AUTO_INCREMENT=3;

--
-- テーブルの AUTO_INCREMENT `cart`
--
ALTER TABLE `cart`
  MODIFY `CART_ID` int(11) NOT NULL AUTO_INCREMENT, AUTO_INCREMENT=83;

--
-- テーブルの AUTO_INCREMENT `order`
--
ALTER TABLE `order`
  MODIFY `ORDER_ID` int(11) NOT NULL AUTO_INCREMENT, AUTO_INCREMENT=34;

--
-- テーブルの AUTO_INCREMENT `sku`
--
ALTER TABLE `sku`
  MODIFY `SKU_ID` int(11) NOT NULL AUTO_INCREMENT, AUTO_INCREMENT=1205;

--
-- テーブルの AUTO_INCREMENT `user`
--
ALTER TABLE `user`
  MODIFY `USER_ID` int(11) NOT NULL AUTO_INCREMENT, AUTO_INCREMENT=16;
COMMIT;

/*!40101 SET CHARACTER_SET_CLIENT=@OLD_CHARACTER_SET_CLIENT */;
/*!40101 SET CHARACTER_SET_RESULTS=@OLD_CHARACTER_SET_RESULTS */;
/*!40101 SET COLLATION_CONNECTION=@OLD_COLLATION_CONNECTION */;
